2000,2001,2002,2003,2004,2005,2006,2007,2008,2009,2010,2011,2012,2013,2014,2015,2016,2017,2018,2019,2020,2021,2022,2023,2024,State
282162411.0,284968955.0,287625193.0,290107933.0,292805298.0,295516599.0,298379912.0,301231207.0,304093966.0,306771529.0,309321666.0,311556874.0,313830990.0,315993715.0,318301008.0,320635163.0,322941311.0,324985539.0,326687501.0,328239523.0,331577720.0,332099760.0,334017321.0,336806231.0,340110988.0,United States
53666295.0,53915522.0,54143915.0,54334453.0,54423533.0,54451230.0,54522659.0,54653362.0,54875926.0,55133101.0,55380134.0,55604223.0,55775216.0,55901806.0,56006011.0,56034684.0,56042330.0,56059240.0,56046620.0,55982803.0,57431458.0,57252533.0,57159597.0,57398303.0,57832935.0,Northeast
64491431.0,64776531.0,65018293.0,65276954.0,65532305.0,65751872.0,66028555.0,66293689.0,66523935.0,66748437.0,66974416.0,67157800.0,67336743.0,67560379.0,67745167.0,67860583.0,67987540.0,68126781.0,68236628.0,68329004.0,68984258.0,68872831.0,68903297.0,69186401.0,69596584.0,Midwest
100565549.0,101849575.0,103150787.0,104380188.0,105883977.0,107479771.0,109076933.0,110688742.0,112184930.0,113548615.0,114866680.0,116006522.0,117241208.0,118364400.0,119624037.0,120997341.0,122351760.0,123542189.0,124569433.0,125580448.0,126476549.0,127368010.0,129037849.0,130893358.0,132665693.0,South
63439136.0,64427327.0,65312198.0,66116338.0,66965483.0,67833726.0,68751765.0,69595414.0,70509175.0,71341376.0,72100436.0,72788329.0,73477823.0,74167130.0,74925793.0,75742555.0,76559681.0,77257329.0,77834820.0,78347268.0,78685455.0,78606386.0,78916578.0,79328169.0,80015776.0,West
4452173.0,4467634.0,4480089.0,4503491.0,4530729.0,4569805.0,4628981.0,4672840.0,4718206.0,4757938.0,4785437.0,4799069.0,4815588.0,4830081.0,4841799.0,4852347.0,4863525.0,4874486.0,4887681.0,4903185.0,5033094.0,5049196.0,5076181.0,5117673.0,5157699.0,Alabama
627963.0,633714.0,642337.0,648414.0,659286.0,666946.0,675302.0,680300.0,687455.0,698895.0,713910.0,722128.0,730443.0,737068.0,736283.0,737498.0,741456.0,739700.0,735139.0,731545.0,733017.0,734420.0,734442.0,736510.0,740133.0,Alaska
5160586.0,5273477.0,5396255.0,5510364.0,5652404.0,5839077.0,6029141.0,6167681.0,6280362.0,6343154.0,6407172.0,6472643.0,6554978.0,6632764.0,6730413.0,6829676.0,6941072.0,7044008.0,7158024.0,7278717.0,7187135.0,7274078.0,7377566.0,7473027.0,7582384.0,Arizona
2678588.0,2691571.0,2705927.0,2724816.0,2749686.0,2781097.0,2821761.0,2848650.0,2874554.0,2896843.0,2921964.0,2940667.0,2952164.0,2959400.0,2967392.0,2978048.0,2989918.0,3001345.0,3009733.0,3017804.0,3014546.0,3026870.0,3047704.0,3069463.0,3088354.0,Arkansas
33987977.0,34479458.0,34871843.0,35253159.0,35574576.0,35827943.0,36021202.0,36250311.0,36604337.0,36961229.0,37319502.0,37638369.0,37948800.0,38260787.0,38596972.0,38918045.0,39167117.0,39358497.0,39461588.0,39512223.0,39521958.0,39142565.0,39142414.0,39198693.0,39431263.0,California
4326921.0,4425687.0,4490406.0,4528732.0,4575013.0,4631888.0,4720423.0,4803868.0,4889730.0,4972195.0,5047349.0,5121108.0,5192647.0,5269035.0,5350101.0,5450623.0,5539215.0,5611885.0,5691287.0,5758736.0,5787129.0,5814036.0,5850935.0,5901339.0,5957493.0,Colorado
3411777.0,3432835.0,3458749.0,3484336.0,3496094.0,3506956.0,3517460.0,3527270.0,3545579.0,3561807.0,3579114.0,3588283.0,3594547.0,3594841.0,3594524.0,3587122.0,3578141.0,3573297.0,3571520.0,3565287.0,3579918.0,3606607.0,3617925.0,3643023.0,3675069.0,Connecticut
786373.0,795699.0,806169.0,818003.0,830803.0,845150.0,859268.0,871749.0,883874.0,891730.0,899593.0,907381.0,915179.0,923576.0,932487.0,941252.0,948921.0,956823.0,965479.0,973764.0,991928.0,1005062.0,1020625.0,1036423.0,1051917.0,Delaware
572046.0,574504.0,573158.0,568502.0,567754.0,567136.0,570681.0,574404.0,580236.0,592228.0,605226.0,619800.0,634924.0,650581.0,662328.0,675400.0,685815.0,694906.0,701547.0,705749.0,670917.0,669256.0,676725.0,687324.0,702250.0,District of Columbia
16047515.0,16356966.0,16689370.0,17004085.0,17415318.0,17842038.0,18166990.0,18367842.0,18527305.0,18652644.0,18845537.0,19053237.0,19297822.0,19545621.0,19845911.0,20209042.0,20613477.0,20963613.0,21244317.0,21477737.0,21592035.0,21831949.0,22379312.0,22904868.0,23372215.0,Florida
8227303.0,8377038.0,8508256.0,8622793.0,8769252.0,8925922.0,9155813.0,9349988.0,9504843.0,9620846.0,9711881.0,9802431.0,9901430.0,9972479.0,10067278.0,10178447.0,10301890.0,10410330.0,10511131.0,10617423.0,10732888.0,10792060.0,10931805.0,11064432.0,11180878.0,Georgia
1213519.0,1225948.0,1239613.0,1251154.0,1273569.0,1292729.0,1309731.0,1315675.0,1332213.0,1346717.0,1363963.0,1379329.0,1394804.0,1408243.0,1414538.0,1422052.0,1427559.0,1424393.0,1420593.0,1415872.0,1451252.0,1447029.0,1440359.0,1441387.0,1446146.0,Hawaii
1299430.0,1319962.0,1340372.0,1363380.0,1391802.0,1428241.0,1468669.0,1505105.0,1534320.0,1554439.0,1570746.0,1583910.0,1595324.0,1611206.0,1631112.0,1651059.0,1682380.0,1717715.0,1750536.0,1787065.0,1849415.0,1904848.0,1944299.0,1971122.0,2001619.0,Idaho
12434161.0,12488445.0,12525556.0,12556006.0,12589773.0,12609903.0,12643955.0,12695866.0,12747038.0,12796778.0,12840503.0,12867454.0,12882510.0,12895129.0,12884493.0,12858913.0,12820527.0,12778828.0,12723071.0,12671821.0,12799088.0,12700641.0,12621821.0,12642259.0,12710158.0,Illinois
6091866.0,6127760.0,6155967.0,6196638.0,6233007.0,6278616.0,6332669.0,6379599.0,6424806.0,6459325.0,6490432.0,6516528.0,6537703.0,6568713.0,6593644.0,6608422.0,6634304.0,6658078.0,6695497.0,6732219.0,6790497.0,6815907.0,6844545.0,6880131.0,6924275.0,Indiana
2929067.0,2931997.0,2934234.0,2941999.0,2953635.0,2964454.0,2982644.0,2999212.0,3016734.0,3032870.0,3050745.0,3066336.0,3076190.0,3092997.0,3109350.0,3120960.0,3131371.0,3141550.0,3148618.0,3155070.0,3191141.0,3198613.0,3202820.0,3218414.0,3241488.0,Iowa
2693681.0,2702162.0,2713535.0,2723004.0,2734373.0,2745299.0,2762931.0,2783785.0,2808076.0,2832704.0,2858190.0,2869225.0,2885257.0,2893212.0,2900475.0,2909011.0,2910844.0,2908718.0,2911359.0,2913314.0,2938172.0,2938338.0,2937324.0,2951500.0,2970606.0,Kansas
4049021.0,4068132.0,4089875.0,4117170.0,4146101.0,4182742.0,4219239.0,4256672.0,4289878.0,4317074.0,4348181.0,4369821.0,4386346.0,4404659.0,4414349.0,4425976.0,4438182.0,4452268.0,4461153.0,4467673.0,4508318.0,4507583.0,4519233.0,4550595.0,4588372.0,Kentucky
4471885.0,4477875.0,4497267.0,4521042.0,4552238.0,4576628.0,4302665.0,4375581.0,4435586.0,4491648.0,4544532.0,4575625.0,4600972.0,4624527.0,4644013.0,4664628.0,4678135.0,4670560.0,4659690.0,4648794.0,4652301.0,4627971.0,4593687.0,4588071.0,4597740.0,Louisiana
1277072.0,1285692.0,1295960.0,1306513.0,1313688.0,1318787.0,1323619.0,1327040.0,1330509.0,1329590.0,1327629.0,1328284.0,1327729.0,1328009.0,1330513.0,1328262.0,1331317.0,1334612.0,1339057.0,1344212.0,1364571.0,1378931.0,1390922.0,1399646.0,1405012.0,Maine
5311034.0,5374691.0,5440389.0,5496269.0,5546935.0,5592379.0,5627367.0,5653408.0,5684965.0,5730388.0,5788645.0,5839419.0,5886992.0,5923188.0,5957283.0,5985562.0,6003323.0,6023868.0,6035802.0,6045680.0,6177935.0,6179403.0,6192440.0,6217062.0,6263220.0,Maryland
6361104.0,6397634.0,6417206.0,6422565.0,6412281.0,6403290.0,6410084.0,6431559.0,6468967.0,6517613.0,6566307.0,6613583.0,6663005.0,6713315.0,6762596.0,6794228.0,6823608.0,6859789.0,6882635.0,6892503.0,6994598.0,7000474.0,7022468.0,7066568.0,7136171.0,Massachusetts
9952450.0,9991120.0,10015710.0,10041152.0,10055315.0,10051137.0,10036081.0,10001284.0,9946889.0,9901591.0,9877510.0,9882412.0,9897145.0,9913065.0,9929848.0,9931715.0,9950571.0,9973114.0,9984072.0,9986857.0,10072703.0,10041351.0,10050877.0,10083356.0,10140459.0,Michigan
4933692.0,4982796.0,5018935.0,5053572.0,5087713.0,5119598.0,5163555.0,5207203.0,5247018.0,5281203.0,5310828.0,5346143.0,5376643.0,5413479.0,5451079.0,5482032.0,5522744.0,5566230.0,5606249.0,5639632.0,5710735.0,5718660.0,5721621.0,5753048.0,5793151.0,Minnesota
2848353.0,2852994.0,2858681.0,2868312.0,2889010.0,2905943.0,2904978.0,2928350.0,2947806.0,2958774.0,2970548.0,2978731.0,2983816.0,2988711.0,2990468.0,2988471.0,2987938.0,2988510.0,2981020.0,2976149.0,2958536.0,2947209.0,2941939.0,2943172.0,2943045.0,Mississippi
5607285.0,5641142.0,5674825.0,5709403.0,5747741.0,5790300.0,5842704.0,5887612.0,5923916.0,5961088.0,5995974.0,6010275.0,6024367.0,6040715.0,6056202.0,6071732.0,6087135.0,6106670.0,6121623.0,6137428.0,6154744.0,6171374.0,6179414.0,6208038.0,6245466.0,Missouri
903773.0,906961.0,911667.0,919630.0,930009.0,940102.0,952692.0,964706.0,976415.0,983982.0,990697.0,997316.0,1003783.0,1013569.0,1021869.0,1030475.0,1040859.0,1052482.0,1060665.0,1068778.0,1087230.0,1106522.0,1122095.0,1131302.0,1137233.0,Montana
1713820.0,1719836.0,1728292.0,1738643.0,1749370.0,1761497.0,1772693.0,1783440.0,1796378.0,1812683.0,1829542.0,1840672.0,1853303.0,1865279.0,1879321.0,1891277.0,1905616.0,1915947.0,1925614.0,1934408.0,1963387.0,1964537.0,1972246.0,1987864.0,2005465.0,Nebraska
2018741.0,2098399.0,2173791.0,2248850.0,2346222.0,2432143.0,2522658.0,2601072.0,2653630.0,2684665.0,2702405.0,2712730.0,2743996.0,2775970.0,2817628.0,2866939.0,2917563.0,2969905.0,3027341.0,3080156.0,3116967.0,3148141.0,3176116.0,3214363.0,3267467.0,Nevada
1239882.0,1255517.0,1269089.0,1279840.0,1290121.0,1298492.0,1308389.0,1312540.0,1315906.0,1316102.0,1316762.0,1320202.0,1324232.0,1326622.0,1333341.0,1336350.0,1342307.0,1348787.0,1353465.0,1359711.0,1378756.0,1387677.0,1396678.0,1402199.0,1409032.0,New Hampshire
8430621.0,8492671.0,8552643.0,8601402.0,8634561.0,8651974.0,8661679.0,8677885.0,8711090.0,8755602.0,8799446.0,8828117.0,8844942.0,8856972.0,8864525.0,8867949.0,8870827.0,8885525.0,8886025.0,8882190.0,9272794.0,9270541.0,9295227.0,9379642.0,9500851.0,New Jersey
1821204.0,1831690.0,1855309.0,1877574.0,1903808.0,1932274.0,1962137.0,1990070.0,2010662.0,2036802.0,2064552.0,2080450.0,2087309.0,2092273.0,2089568.0,2089291.0,2091630.0,2091784.0,2092741.0,2096829.0,2118606.0,2117333.0,2113868.0,2121164.0,2130256.0,New Mexico
19001780.0,19082838.0,19137800.0,19175939.0,19171567.0,19132610.0,19104631.0,19132335.0,19212436.0,19307066.0,19399878.0,19499241.0,19572932.0,19624447.0,19651049.0,19654666.0,19633428.0,19589572.0,19530351.0,19453561.0,20105171.0,19848276.0,19703747.0,19737367.0,19867248.0,New York
8081614.0,8210122.0,8326201.0,8422501.0,8553152.0,8705407.0,8917270.0,9118037.0,9309449.0,9449566.0,9574323.0,9657592.0,9749476.0,9843336.0,9932887.0,10031646.0,10154788.0,10268233.0,10381615.0,10488084.0,10449652.0,10564320.0,10710793.0,10881189.0,11046024.0,North Carolina
642023.0,639062.0,638168.0,638817.0,644705.0,646089.0,649422.0,652822.0,657569.0,664968.0,674715.0,685225.0,701176.0,722036.0,737401.0,754066.0,754434.0,754942.0,758080.0,762062.0,779563.0,777966.0,781057.0,789047.0,796568.0,North Dakota
11363543.0,11387404.0,11407889.0,11434788.0,11452251.0,11463320.0,11481213.0,11500468.0,11515391.0,11528896.0,11539336.0,11544663.0,11548923.0,11576684.0,11602700.0,11617527.0,11634370.0,11659650.0,11676341.0,11689100.0,11798905.0,11767344.0,11777874.0,11824034.0,11883304.0,Ohio
3454365.0,3467100.0,3489080.0,3504892.0,3525233.0,3548597.0,3594090.0,3634349.0,3668976.0,3717572.0,3759944.0,3788379.0,3818814.0,3853214.0,3878187.0,3909500.0,3926331.0,3931316.0,3940235.0,3956971.0,3965415.0,3992238.0,4026229.0,4063882.0,4095393.0,Oklahoma
3429708.0,3467937.0,3513424.0,3547376.0,3569463.0,3613202.0,3670883.0,3722417.0,3768748.0,3808600.0,3837491.0,3872036.0,3899001.0,3922468.0,3963244.0,4015792.0,4089976.0,4143625.0,4181886.0,4217737.0,4243779.0,4254280.0,4247372.0,4253653.0,4272371.0,Oregon
12284173.0,12298970.0,12331031.0,12374658.0,12410722.0,12449990.0,12510809.0,12563937.0,12612285.0,12666858.0,12711160.0,12745815.0,12767118.0,12776309.0,12788313.0,12784826.0,12782275.0,12787641.0,12800922.0,12801989.0,12996143.0,13015571.0,12984990.0,13017721.0,13078751.0,Pennsylvania
1050268.0,1057142.0,1065995.0,1071342.0,1074579.0,1067916.0,1063096.0,1057315.0,1055003.0,1053646.0,1053959.0,1053649.0,1054621.0,1055081.0,1055936.0,1056065.0,1056770.0,1055673.0,1058287.0,1059361.0,1096530.0,1097246.0,1099498.0,1103429.0,1112308.0,Rhode Island
4024223.0,4064995.0,4107795.0,4150297.0,4210921.0,4270150.0,4357847.0,4444110.0,4528996.0,4589872.0,4635649.0,4671994.0,4717354.0,4764080.0,4823617.0,4891938.0,4957968.0,5021268.0,5084156.0,5148714.0,5132249.0,5194274.0,5287935.0,5387830.0,5478831.0,South Carolina
755844.0,757972.0,760020.0,763729.0,770396.0,775493.0,783033.0,791623.0,799124.0,807067.0,816166.0,823579.0,833566.0,842316.0,849129.0,853988.0,862996.0,872868.0,878698.0,884659.0,887948.0,896492.0,909723.0,918305.0,924669.0,South Dakota
5703719.0,5750789.0,5795918.0,5847812.0,5910809.0,5991057.0,6088766.0,6175727.0,6247411.0,6306019.0,6355311.0,6399291.0,6453898.0,6494340.0,6541223.0,6591170.0,6646010.0,6708799.0,6771631.0,6829174.0,6927904.0,6965740.0,7062217.0,7148304.0,7227750.0,Tennessee
20944499.0,21319622.0,21690325.0,22030931.0,22394023.0,22778123.0,23359580.0,23831983.0,24309039.0,24801761.0,25241971.0,25645629.0,26084481.0,26480266.0,26964333.0,27470056.0,27914410.0,28295273.0,28628666.0,28995881.0,29239570.0,29570351.0,30113488.0,30727890.0,31290831.0,Texas
2244502.0,2283715.0,2324815.0,2360137.0,2401580.0,2457719.0,2525507.0,2597746.0,2663029.0,2723421.0,2775332.0,2814384.0,2853375.0,2897640.0,2936879.0,2981835.0,3041868.0,3101042.0,3153550.0,3205958.0,3284077.0,3339738.0,3391011.0,3443222.0,3503613.0,Utah
609618.0,612223.0,615442.0,617858.0,619920.0,621215.0,622892.0,623481.0,624151.0,624817.0,625879.0,627049.0,626090.0,626210.0,625214.0,625216.0,623657.0,624344.0,624358.0,623989.0,642977.0,647210.0,648142.0,648708.0,648493.0,Vermont
7105817.0,7198362.0,7286873.0,7366977.0,7475575.0,7577105.0,7673725.0,7751000.0,7833496.0,7925937.0,8023699.0,8101155.0,8185080.0,8252427.0,8310993.0,8361808.0,8410106.0,8463587.0,8501286.0,8535519.0,8637615.0,8658910.0,8683414.0,8734685.0,8811195.0,Virginia
5910512.0,5985722.0,6052349.0,6104115.0,6178645.0,6257305.0,6370753.0,6461587.0,6562231.0,6667426.0,6742830.0,6826627.0,6897058.0,6963985.0,7054655.0,7163657.0,7294771.0,7423362.0,7523869.0,7614893.0,7727209.0,7743760.0,7794123.0,7857320.0,7958180.0,Washington
1807021.0,1801481.0,1805414.0,1812295.0,1816438.0,1820492.0,1827912.0,1834052.0,1840310.0,1847775.0,1854239.0,1856301.0,1856872.0,1853914.0,1849489.0,1842050.0,1831023.0,1817004.0,1804291.0,1792147.0,1791646.0,1785618.0,1774122.0,1770495.0,1769979.0,West Virginia
5373999.0,5406835.0,5445162.0,5479203.0,5514026.0,5546166.0,5577655.0,5610775.0,5640996.0,5669264.0,5690475.0,5705288.0,5719960.0,5736754.0,5751525.0,5760940.0,5772628.0,5790186.0,5807406.0,5822434.0,5897375.0,5881608.0,5903975.0,5930405.0,5960975.0,Wisconsin
494300.0,494657.0,500017.0,503453.0,509106.0,514157.0,522667.0,534876.0,546043.0,559851.0,564487.0,567299.0,576305.0,582122.0,582531.0,585613.0,584215.0,578931.0,577601.0,578759.0,577681.0,579636.0,581978.0,585067.0,587618.0,Wyoming
3810605.0,3818774.0,3823701.0,3826095.0,3826878.0,3821362.0,3805214.0,3782995.0,3760866.0,3740410.0,3721525.0,3678732.0,3634488.0,3593077.0,3534874.0,3473232.0,3406672.0,3325286.0,3193354.0,3193694.0,3281590.0,3262711.0,3220137.0,3203792.0,3203295.0,Puerto Rico
