DefContamLimitWithUnits,ResultWithUnit,ResultQualifierDescription,ReportingLimit,Id,PWSId,PWSName,Town,Class,ContaminantGroup,ChemicalName,CollectedDate,RaworFinished,Result,LocationName,SampleLocCode,LowerDetectLimit,AnalMeasQualif,AnalMeasQualifDesc,Rdl,Method,DetectionLimit,DefContamLimit,DefContamLimituom,RequiredDetectionLimit,LabRequiredDetectionLimit
,2.2 UG/L,,Not Recorded,1284967,2185000,MILFORD WATER DEPARTMENT,MILFORD,COM,THM,DIBROMOCHLOROMETHANE,2013-03-07,F,2.2,230 MAIN STREET,02,UG/L,,,,EPA 524.2,0.5,,,0.5,0.5000 UG/L
5 UG/L,ND,,Not Recorded,4368324,4171000,MARSHFIELD WATER DEPARTMENT,MARSHFIELD,COM,VOC,"1,2-DICHLOROETHANE",2014-02-07,F,ND,FERRY ST.  #2  WELLFIELD,10064,UG/L,,,,EPA 524.2,0.5,5.0,UG/L,0.5,0.5000 UG/L
10 MG/L,ND,,Not Recorded,1776788,4239058,DCR MYLES STANDISH STATE FOREST,CARVER,NC,NITRAT,NITRATE,2015-08-30,F,ND,55 WIDGEON POND,10049,MG/L,,,,SM 4110B,0.1,10.0,MG/L,1.0,0.1000 MG/L
,ND,,2 NG/L,817832,4239041,SANDY POND CAMPGROUND,PLYMOUTH,NC,PFAS,9-CHLOROHEXADECAFLUORO-3-OXANONE-1-SULFONIC ACID-9CL-PF3ONS,2021-10-20,R,ND,WELL 2 RAW,RW-02G,NG/L,,,2.0,EPA 537.1,0.6,,,20.0,0.6000 NG/L
,ND,,Not Recorded,6051891,2115011,BOSTON ROAD MARKET AND LIQUOR,GROTON,NC,SECCON,POTASSIUM,2013-05-20,F,ND,WELL #1 - POST TREATMENT,01G,MG/L,,,,EPA 200.7,1.0,,,5.0,1.0000 MG/L
,ND,,2 NG/L,1035323,3295000,TEWKSBURY WATER DEPARTMENT,TEWKSBURY,COM,PFAS,11-CHLOROEICOSAFLUORO-3-OXAUNDECANE-1-SULFONIC ACID-11CL-PF3OUDS,2022-04-04,R,ND,WTP -- RAW WATER,10545,NG/L,,,2.0,EPA 537.1,0.636,,,20.0,0.6360 NG/L
,ND,,Not Recorded,4830314,2002000,ACTON WATER SUPPLY DISTRICT,ACTON,COM,VOC,N-BUTYLBENZENE,2018-06-11,F,ND,SOUTH ACTON WTP: AFTER TREATMENT,MULT14,UG/L,,,,EPA 524.2,0.5,,,0.5,0.5000 UG/L
80 UG/L,52.3 UG/L,,Not Recorded,3930761,4201000,CITY OF NEW BEDFORD DPI,NEW BEDFORD,COM,THM,TOTAL TRIHALOMETHANES,2021-08-04,F,52.3,834 KEMPTON STC - FIRE STATION,10369,UG/L,,,,EPA 524.2,0.5,80.0,UG/L,1.0,0.5000 UG/L
200 UG/L,ND,,Not Recorded,739365,2241002,WACHUSETT MOUNTAIN SKI AREA,PRINCETON,NTNC,VOC,"1,1,1-TRICHLOROETHANE",2016-11-15,F,ND,WELL #2,02G,UG/L,,,,EPA 524.2,0.5,200.0,UG/L,0.5,0.5000 UG/L
,1.41 MG/L,,Not Recorded,779298,2185000,MILFORD WATER DEPARTMENT,MILFORD,COM,TOC,TOTAL ORGANIC CARBON (TOC),2012-07-11,F,1.41,FINISHED: DILLA WTP (BLEND),MULT 1,MG/L,,,,5310C,0.2,,,2.0,0.2000 MG/L
