Id,Town,Program,EnforcementType,PenaltyAssessed,FacilityId,FacilityName,EnforcementDate
1899962,NEWBURY,WATER SUPPLY/DRINKING WATER,Administrative Consent Order With Penalty,1000.0,290034,"PLUM ISLAND GRILLE, INC.",2005-12-07
2496408,BOURNE,WATER SUPPLY/DRINKING WATER,Notice Of Non-Compliance,0.0,6198,BOURNE WATER DISTRICT,2012-08-10
1707836,WORCESTER,REGULATED ACTIVITY(S),Notice Of Non-Compliance,,130510,SAINT GOBAIN ABRASIVES INC,2005-03-18
2715325,NORWELL,REGULATED ACTIVITY(S),Notice Of Non-Compliance,,571587,HOME GOODS,2014-12-12
1094605,CHARLTON,WATER SUPPLY/DRINKING WATER,Notice Of Non-Compliance,,275493,TEDS PACKAGE STORE/GENES CAFE,1998-03-31
2397563,WAYLAND,REGULATED ACTIVITY(S),Notice Of Non-Compliance,,174391,SHEPARDS SERVICE STATION,2011-09-22
2309964,NORTH ANDOVER,REGULATED ACTIVITY(S),Notice Of Non-Compliance,,174358,7 ELEVEN 38905,2010-11-01
1124516,BECKET,WATER SUPPLY/DRINKING WATER,Notice Of Non-Compliance,,187676,BERKSHIRE BERRIES,1998-09-29
1024928,STOW,WATER SUPPLY/DRINKING WATER,Notice Of Non-Compliance,,255461,STOW MUNICIPAL BUILDINGS,1996-09-27
1607097,MIDDLETON,WATER SUPPLY/DRINKING WATER,Notice Of Non-Compliance,,373841,FARMER BROWNS,2004-08-10
