incidentId,incidentNumber,incidentDate,incidentTime,amPm,reporterClass,eventType,permiteeClass,permiteeName,permiteeId,outfallId,municipality,reportingType,location,latitude,longitude,waterBody,waterBodyDescription,volumnOfEvent,rainfallData,hours,minutes,month,additionalInformation,submittedDate,parentIncidentId,Year
4f7ba048-29ba-46ab-ab59-657c5c291d2b,23005400,2023-07-29 00:00:00,21:45,,Verified Data Report,CSO – UnTreated,CSO,CITY OF NEW BEDFORD,MA0100781,NEW018,NEW BEDFORD,,COVE ST AND E. RODNEY FRENCH BLVD,,,OUTER NEW BEDFORD HARBOR,,30800.0,0.29,0.0,30.0,,23004688,2023-08-15 15:35:49,,2023.0
2d8337ee-5605-4720-9735-1e00d2ae2462,25013402,2025-05-03 11:38:02,16:30,,Verified Data Report,CSO – UnTreated,CSO,SPRINGFIELD WATER & SEWER COMMISSION,MA0101613,SPR042,SPRINGFIELD,,SPRINGFIELD WWTP BYPASS AT BONDI'S ISLAND,,,CONNECTICUT RIVER,,5285120.0,3.07,2.0,50.0,,,2025-06-06 10:17:23,,2025.0
7a19556a-4f73-4b48-87f6-4e29f4f86c06,26017498,2026-09-13 00:00:00,15:06,,Public Notification Report,CSO – UnTreated,CSO,LOWELL REGIONAL WASTEWATER UTILITY,MA0100633,LOW030-1,LOWELL,Initial-Ceased,BARASFORD AVE,,,MERRIMACK RIVER,,,,,,,,2026-09-13 20:10:59,,2026.0
28103bfc-c4b0-4434-94fd-a2785abc996a,25014660,2025-10-08 19:49:43,10:16,,Public Notification Report,CSO – Treated,CSO,MASSACHUSETTS WATER RESOURCES AUTHORITY,MA0103284,MWR203,BOSTON,Initial-Ceased,JUST NORTH OF LOCKS AT CHARLSTOWN BRIDGE,,,CHARLES RIVER,,,,,,,,2025-10-08 15:56:21,,2025.0
bc7f7fab-2834-48b4-bb13-42a273702475,25012881,2025-04-26 13:02:28,05:20,,Public Notification Report,CSO – UnTreated,CSO,SPRINGFIELD WATER & SEWER COMMISSION,MA0101613,SPR042,SPRINGFIELD,Initial-Ceased,SPRINGFIELD WWTP BYPASS AT BONDI'S ISLAND,,,CONNECTICUT RIVER,,,,,,,,2025-04-28 09:10:14,,2025.0
f5dfc831-1295-4536-9873-e7c648282c0d,23006281,2023-09-25 14:18:58,14:30,,Public Notification Report,Partially Treated – Blended,CSO,LOWELL REGIONAL WASTEWATER UTILITY,MA0100633,035,LOWELL,Initial-Ceased,Other,42.64844804,-71.28746603,MERRIMACK RIVER,,,,,,,,2023-09-25 14:28:04,,2023.0
27eea9a8-ee09-4bbc-be85-4f360016b330,23004436,2023-07-16 12:36:42,09:45,,Public Notification Report,CSO – UnTreated,CSO,SPRINGFIELD WATER & SEWER COMMISSION,MA0101613,SPR015A,SPRINGFIELD,Initial-Ceased,UNION ST.,,,CONNECTICUT R.,,,,,,,,2023-07-17 15:32:40,,2023.0
badd7582-61b6-4979-a416-e1c24ad50276,23005294,2023-07-10 00:00:00,14:00,,Verified Data Report,CSO – UnTreated,CSO,CITY OF NEW BEDFORD,MA0100781,NEW031,NEW BEDFORD,,CONWAY ST AT BUZZARDS BAY,,,INNER NEW BEDFORD HARBOR,,14420.0,0.18,1.0,0.0,,23004015,2023-08-15 10:20:33,,2023.0
5d0e2a64-7b98-4355-a92d-b21e9ef865c4,25014158,2025-07-31 04:00:00,16:35,,Verified Data Report,CSO – UnTreated,CSO,CITY OF HOLYOKE,MA0101630,HOL07,HOLYOKE,,NORTHAMPTON ST/GLEN ST.,,,CONNECTICUT R.,,5805.0,2.18,1.0,30.0,,,2025-08-13 10:34:49,,2025.0
a98212a2-83bb-4ea7-b93b-f0c9bac32484,23004691,2023-07-29 21:52:30,18:00,,Public Notification Report,CSO – UnTreated,CSO,TOWN OF MONTAGUE,MA0100137,MON002,MONTAGUE,Initial-Ongoing,OFF POWER ST ADJACENT TO POWER CANAL,,,POWER CANAL CONNECTICUT RIVER,,,,,,,,2023-07-30 22:00:28,,2023.0
