Id,Town,Program,FacilityId,FacilityName,InspectionType,InspectionDate
2577407,WEST SPRINGFIELD,REGULATED ACTIVITY(S),175021,WEST SPRINGFIELD TRANSFER STATION,Solid Waste Inspect with Enforcement Potential,2013-08-21
2085747,BILLERICA,REGULATED ACTIVITY(S),132781,BAKER COMMODITIES INC,Unannounced Multimedia Inspection,2008-06-02
3188257,BERNARDSTON,WATER SUPPLY/DRINKING WATER,5823,BERNARDSTON FIRE  WATER DIST,SANITARY SURVEY,2019-08-14
4026258,EASTHAM,WATER SUPPLY/DRINKING WATER,193973,SEAMAN COTTAGES LLC,SANITARY SURVEY,2026-08-13
1387546,GEORGETOWN,WATER SUPPLY/DRINKING WATER,6114,GEORGETOWN WATER DEPARTMENT,OTHER,2001-11-01
1624795,WESTBOROUGH,REGULATED ACTIVITY(S),372877,AREVA NP INC ENVIRONMENTAL LABORATORY,Unannounced Multimedia Inspection,2004-10-15
1421205,BOXBOROUGH,WATER SUPPLY/DRINKING WATER,5966,BROOK VILLAGE CONDOMINIUM,Site Visit But Not Full Inspection,2000-10-05
1493967,CONCORD,REGULATED ACTIVITY(S),310433,MA HIGHWAY DEPARTMENT,Drive By Inspection,2003-02-06
1420402,ATHOL,REGULATED ACTIVITY(S),132452,CAMBIUM CORP,Unannounced Multimedia Inspection,2002-04-12
1492365,CONCORD,WATER SUPPLY/DRINKING WATER,6098,CONCORD WATER DEPT,OTHER,2003-01-30
