,entity_name,year,client_name,amount,purpose,entity_name_norm,client_name_norm
0,Monica Lawton,2005,"Associated Subcontractors of Massachusetts, Inc",15500.0,,MONICA LAWTON,ASSOCIATED SUBCONTRACTORS OF MASSACHUSETTS
1,James D Shaer,2005,Boston University,25704.0,,JAMES D SHAER,BOSTON UNIVERSITY
2,Jo Ann Fitzgerald,2005,Mass. Teachers Association,2778.7,,JO ANN FITZGERALD,MASS TEACHERS ASSOCIATION
3,Stephen J. D'Amato,2005,"Center for Insurance Research, Inc.",3662.0,,STEPHEN J D AMATO,CENTER FOR INSURANCE RESEARCH
4,Margaret G Grant,2005,Mass. Assoc. of Realtors,10000.0,,MARGARET G GRANT,MASS ASSOC OF REALTORS
5,Sheelah A Feinberg,2005,The Women's Union,9080.0,,SHEELAH A FEINBERG,WOMEN S UNION
6,James M. Machado,2005,Mass. Police Association,10000.0,,JAMES M MACHADO,MASS POLICE ASSOCIATION
7,Bridget Quinn,2005,Mass. Organization of State Engineers & Scientists,50259.89,,BRIDGET QUINN,MASS ORGANIZATION OF STATE ENGINEERS AND SCIENTISTS
8,Richard C Lord,2005,Associated Industries of Mass.,55000.0,,RICHARD C LORD,ASSOCIATED INDUSTRIES OF MASS
9,Joanne Blum,2005,Mass. Teachers Association,93091.81,,JOANNE BLUM,MASS TEACHERS ASSOCIATION
10,Abraham E Morse,2005,Mass. Extended Care Federation,20000.0,,ABRAHAM E MORSE,MASS EXTENDED CARE FEDERATION
11,William J Ryder,2005,Mass. Medical Society,12631.25,,WILLIAM J RYDER,MASS MEDICAL SOCIETY
12,William J Ryder,2005,Professional Liability Foundation Ltd,3125.0,,WILLIAM J RYDER,PROFESSIONAL LIABILITY FOUNDATION
13,CHRISTOPHER J. HODGKINS,2005,Brockton Agricultural Society,8000.0,,CHRISTOPHER J HODGKINS,BROCKTON AGRICULTURAL SOCIETY
14,Ralph Devlin,2005,Mass. Teachers Association,0.0,,RALPH DEVLIN,MASS TEACHERS ASSOCIATION
15,"John Hohenwarter, Esq.",2005,National Rifle Association-Institute for Legislative Affairs,3685.32,,JOHN HOHENWARTER ESQ,NATIONAL RIFLE ASSOCIATION INSTITUTE FOR LEGISLATIVE AFFAIRS
16,Sara L Johnson-Davis,2005,Novartis Pharmaceuticals Corp.,57000.0,,SARA L JOHNSON DAVIS,NOVARTIS PHARMACEUTICALS
17,Deirdre B Phillips,2005,Putnam Investments,0.0,,DEIRDRE B PHILLIPS,PUTNAM INVESTMENTS
18,"Marylou Buyse, MD",2005,"Mass. Assoc. of Health Plans, Inc.",60938.0,,MARYLOU BUYSE MD,MASS ASSOC OF HEALTH PLANS
19,Jondavid Chesloff,2005,Mass. Business Roundtable,3320.0,,JONDAVID CHESLOFF,MASS BUSINESS ROUNDTABLE
20,Katrina Anne Anderson,2005,Mass. Nurses Association,34278.33,,KATRINA ANNE ANDERSON,MASS NURSES ASSOCIATION
21,Constance K Rizoli,2005,"Project Bread-The Walk for Hunger, Inc",1301.28,,CONSTANCE K RIZOLI,PROJECT BREAD WALK FOR HUNGER
22,Melissa R Kogut,2005,NARAL Pro-Choice Massachusetts,16035.0,,MELISSA R KOGUT,NARAL PRO CHOICE MASSACHUSETTS
23,Jessica Stephens Siler,2005,Environmental League of Mass.,1988.0,,JESSICA STEPHENS SILER,ENVIRONMENTAL LEAGUE OF MASS
24,James M. Barry,2005,Boston Police Patrolmen's Association,18820.73,,JAMES M BARRY,BOSTON POLICE PATROLMEN S ASSOCIATION
25,Stephen M Rosario,2005,"American Chemsitry/ Plastics Council, Inc.",2750.0,,STEPHEN M ROSARIO,AMERICAN CHEMSITRY/ PLASTICS COUNCIL
26,"John H Flannagan, Jr.",2005,Mass. Teachers Association,87967.06,,JOHN H FLANNAGAN JR,MASS TEACHERS ASSOCIATION
27,Francis A Mancini,2005,Mass. Assoc. of Insurance Agents,56250.0,,FRANCIS A MANCINI,MASS ASSOC OF INSURANCE AGENTS
28,Francis A Mancini,2005,Massachusettts Association of Health Underwriters,2100.0,,FRANCIS A MANCINI,MASSACHUSETTTS ASSOCIATION OF HEALTH UNDERWRITERS
29,Mary Elizabeth Heffernan,2005,Beth Israel Deaconess Medical Center,28272.56,,MARY ELIZABETH HEFFERNAN,BETH ISRAEL DEACONESS MEDICAL CENTER
30,Alan G Macdonald,2005,Mass. Business Roundtable,6725.0,,ALAN G MACDONALD,MASS BUSINESS ROUNDTABLE
31,William G Rehrey,2005,"Retired State, County & Municipal Employees Association of Massachusetts",75000.0,,WILLIAM G REHREY,RETIRED STATE COUNTY AND MUNICIPAL EMPLOYEES ASSOCIATION OF MASSACHUSETTS
32,Raymond F. McGrath,2005,N.A.G.E./ I.A.E.P/I.B.P.O,72500.0,,RAYMOND F MCGRATH,N A G E / I A E P/I B P O
33,John K Golembeski,2005,Mass. Property Insurance Underwriting Assoc.,0.0,,JOHN K GOLEMBESKI,MASS PROPERTY INSURANCE UNDERWRITING ASSOC
34,Carl S DeMatteo,2005,"Massachusetts Farm Bureau Federation, Inc.",26149.49,,CARL S DEMATTEO,MASSACHUSETTS FARM BUREAU FEDERATION
35,Andrew S Hunt,2005,Bay State Gas Company,40500.0,,ANDREW S HUNT,BAY STATE GAS COMPANY
36,James E McGaugh,2005,Citigroup Management Corp.,37250.0,,JAMES E MCGAUGH,CITIGROUP MANAGEMENT
37,Lawrence R. Curran,2005,Boston Firefighters Local 718,1200.0,,LAWRENCE R CURRAN,BOSTON FIREFIGHTERS LOCAL 718
38,Joseph DiGiovanni,2005,Liberty Mutual Insurance Co.,1380.0,,JOSEPH DIGIOVANNI,LIBERTY MUTUAL INSURANCE CO
39,Glenn S Koocher,2005,"Mass. Assoc. of School Committees, Inc.",39003.0,,GLENN S KOOCHER,MASS ASSOC OF SCHOOL COMMITTEES
40,Sharon Rodriguez,2005,"National Grid USA, on behalf of its affiliates and itself",820.0,,SHARON RODRIGUEZ,NATIONAL GRID USA ON BEHALF OF ITS AFFILIATES AND ITSELF
41,Peter T Robertson,2005,Property Casuality Insurers Assoc. of America,45000.0,,PETER T ROBERTSON,PROPERTY CASUALITY INSURERS ASSOC OF AMERICA
42,David Danning,2005,Mass. Teachers Association,38052.85,,DAVID DANNING,MASS TEACHERS ASSOCIATION
43,William J Hill,2005,"Retired State, County & Municipal Employees Association of Massachusetts",16000.0,,WILLIAM J HILL,RETIRED STATE COUNTY AND MUNICIPAL EMPLOYEES ASSOCIATION OF MASSACHUSETTS
44,Patricia B McMullin,2005,"Mass. Assoc. of Health Plans, Inc.",27804.0,,PATRICIA B MCMULLIN,MASS ASSOC OF HEALTH PLANS
45,"National Consulting,LLC",2005,Alanco Technologies,0.0,,NATIONAL CONSULTING,ALANCO TECHNOLOGIES
46,"National Consulting,LLC",2005,Avaya Inc.,50000.0,,NATIONAL CONSULTING,AVAYA
47,"National Consulting,LLC",2005,"Beverly Healthcare Massachusetts, Inc.",30000.0,,NATIONAL CONSULTING,BEVERLY HEALTHCARE MASSACHUSETTS
48,"National Consulting,LLC",2005,Central Plaza Realty LLC,15000.0,,NATIONAL CONSULTING,CENTRAL PLAZA REALTY
49,"National Consulting,LLC",2005,Clear Channel Outdoor,76500.0,,NATIONAL CONSULTING,CLEAR CHANNEL OUTDOOR
50,"National Consulting,LLC",2005,Devens Development LLC,30000.0,,NATIONAL CONSULTING,DEVENS DEVELOPMENT
51,"National Consulting,LLC",2005,E.L. Harvey & Sons,5000.0,,NATIONAL CONSULTING,E L HARVEY AND SONS
52,"National Consulting,LLC",2005,Medical Waste Disposal Company,6000.0,,NATIONAL CONSULTING,MEDICAL WASTE DISPOSAL COMPANY
53,"National Consulting,LLC",2005,"New England Cart Raceway, Inc",21000.0,,NATIONAL CONSULTING,NEW ENGLAND CART RACEWAY
54,"National Consulting,LLC",2005,State Street Development Management Corporation,12000.0,,NATIONAL CONSULTING,STATE STREET DEVELOPMENT MANAGEMENT
55,"Edward J Dever, Jr., Esq.",2005,Essex Agricultural & Technical High School,12000.0,,EDWARD J DEVER JR ESQ,ESSEX AGRICULTURAL AND TECHNICAL HIGH SCHOOL
56,"Edward J Dever, Jr., Esq.",2005,Mass. Mutual Life Insurance Co.,97999.92,,EDWARD J DEVER JR ESQ,MASS MUTUAL LIFE INSURANCE CO
57,"Edward J Dever, Jr., Esq.",2005,Social Law Library,19250.0,,EDWARD J DEVER JR ESQ,SOCIAL LAW LIBRARY
58,Linda Orel,2005,The Nature Conservancy,68900.0,,LINDA OREL,NATURE CONSERVANCY
59,Kathleen Doyle-Boudreau,2005,Alzheimer's Association,600.0,,KATHLEEN DOYLE BOUDREAU,ALZHEIMER S ASSOCIATION
60,"Cornelius J Foley, Jr.",2005,Lahey Clinic,151000.0,,CORNELIUS J FOLEY JR,LAHEY CLINIC
61,Marilyn J Segal,2005,Citizens for Public Schools,6000.0,,MARILYN J SEGAL,CITIZENS FOR PUBLIC SCHOOLS
62,Marilyn J Segal,2005,Jewish Alliance of Law & Social Action,0.0,,MARILYN J SEGAL,JEWISH ALLIANCE OF LAW AND SOCIAL ACTION
63,Ann K. Lambert,2005,American Civil Liberties Union of Mass.,45424.51,,ANN K LAMBERT,AMERICAN CIVIL LIBERTIES UNION OF MASS
64,"Daniel J Foley, Jr.",2005,Mass. Assoc. of Insurance Agents,79500.0,,DANIEL J FOLEY JR,MASS ASSOC OF INSURANCE AGENTS
65,"Daniel J Foley, Jr.",2005,Massachusettts Association of Health Underwriters,2100.0,,DANIEL J FOLEY JR,MASSACHUSETTTS ASSOCIATION OF HEALTH UNDERWRITERS
66,Stephen A Perla,2005,Parents Alliance for Catholic Education,1902.0,,STEPHEN A PERLA,PARENTS ALLIANCE FOR CATHOLIC EDUCATION
67,Brian R Gilmore,2005,Associated Industries of Mass.,22000.0,,BRIAN R GILMORE,ASSOCIATED INDUSTRIES OF MASS
68,Linda Huebner,2005,"Humane Society of the United States, The",1755.24,,LINDA HUEBNER,HUMANE SOCIETY OF UNITED STATES
69,Paul J Moran,2005,American Insurance Association,4667.0,,PAUL J MORAN,AMERICAN INSURANCE ASSOCIATION
70,Ethel Victoria Knighton,2005,"Medco Health Solutions, Inc.",8074.0,,ETHEL VICTORIA KNIGHTON,MEDCO HEALTH SOLUTIONS
71,Mary Kaysen,2005,Purdue Pharma,25000.0,,MARY KAYSEN,PURDUE PHARMA
72,Carmelo Cinqueonce,2005,Mass. Pharmacists Association,15000.0,,CARMELO CINQUEONCE,MASS PHARMACISTS ASSOCIATION
73,Neil F Cronin,2005,Mass. Law Reform Institute,11528.8,,NEIL F CRONIN,MASS LAW REFORM INSTITUTE
74,Richard I. Marlin,2005,Mass. AFL-CIO,38650.0,,RICHARD I MARLIN,MASS AFL CIO
75,James P Redmond,2005,SEIU Local  888,22124.0,,JAMES P REDMOND,SEIU LOCAL 888
76,"Robert Kraus, Esq.",2005,"Carpionato Properties, Inc.",0.0,,ROBERT KRAUS ESQ,CARPIONATO PROPERTIES
77,"Robert Kraus, Esq.",2005,"Ourway Realty, LLC DBA Plainridge Racecourse",39000.0,,ROBERT KRAUS ESQ,OURWAY REALTY
78,Michael J Ferrante,2005,Massachusetts Oilheat Council,16200.0,,MICHAEL J FERRANTE,MASSACHUSETTS OILHEAT COUNCIL
79,Martin W Healy,2005,Mass. Bar Association,36465.59,,MARTIN W HEALY,MASS BAR ASSOCIATION
80,Mary Lou Maloney,2005,ARC Massachusetts,6515.0,,MARY LOU MALONEY,ARC MASSACHUSETTS
81,"Edward F Saunders, Jr.",2005,Mass. Catholic Conference,5650.0,,EDWARD F SAUNDERS JR,MASS CATHOLIC CONFERENCE
82,"Edward F Saunders, Jr.",2005,"Mass. Credit Union League, Inc.",2231.0,,EDWARD F SAUNDERS JR,MASS CREDIT UNION LEAGUE
83,Inta Z. Hall,2005,Brain Injury Association of Massachusetts,5280.0,,INTA Z HALL,BRAIN INJURY ASSOCIATION OF MASSACHUSETTS
84,Melvin E. Benson,2005,"Senior whole health, LLC",22875.0,,MELVIN E BENSON,SENIOR WHOLE HEALTH
85,Anna C Lucas,2005,Human Rights Campaign,1075.66,,ANNA C LUCAS,HUMAN RIGHTS CAMPAIGN
86,Michael J Katzman,2005,Blue Cross Blue Shield of Massachusetts,9825.0,,MICHAEL J KATZMAN,BLUE CROSS BLUE SHIELD OF MASSACHUSETTS
87,David E Floreen,2005,Mass. Bankers Association,30000.0,,DAVID E FLOREEN,MASS BANKERS ASSOCIATION
88,Robert T. Kilduff,2005,Professional Firefighters of Mass.,9304.48,,ROBERT T KILDUFF,PROFESSIONAL FIREFIGHTERS OF MASS
89,Maria O. Cahill,2005,Abbott Laboratories,25750.0,,MARIA O CAHILL,ABBOTT LABORATORIES
90,Maura Finigan,2005,Mass. Public Interest Research Group (MASSPIRG),1392.0,,MAURA FINIGAN,MASS PUBLIC INTEREST RESEARCH GROUP MASSPIRG
91,Eric Bourassa,2005,Mass. Public Interest Research Group (MASSPIRG),6108.0,,ERIC BOURASSA,MASS PUBLIC INTEREST RESEARCH GROUP MASSPIRG
92,Ronald A Crews,2005,Mass. Family Institute,1272.0,,RONALD A CREWS,MASS FAMILY INSTITUTE
93,Ted Jankowski,2005,Greater Boston Real Estate Board,0.0,,TED JANKOWSKI,GREATER BOSTON REAL ESTATE BOARD
94,William F Allan,2005,Disability Policy Consortium,3000.0,,WILLIAM F ALLAN,DISABILITY POLICY CONSORTIUM
95,Brian Burke,2005,Microsoft Corporation,9200.0,,BRIAN BURKE,MICROSOFT
96,M. Laurie Cammisa,2005,Children's Hospital,30000.0,,M LAURIE CAMMISA,CHILDREN S HOSPITAL
97,Paula W Gold,2005,Plymouth Rock Assurance Corporation,20000.0,,PAULA W GOLD,PLYMOUTH ROCK ASSURANCE
98,Kathleen O'Loughlin Dias,2005,"Mass. State Automobile Dealers Assoc., Inc",11000.0,,KATHLEEN O LOUGHLIN DIAS,MASS STATE AUTOMOBILE DEALERS ASSOC
99,Sana Fadel,2005,Rosie's Place,39240.0,,SANA FADEL,ROSIE S PLACE
