,bill_id,bill_number,bill_prefix,general_court,title,sponsor_name,status,passed
0,H4999,4999,H,193,An Act promoting access to midwifery care and out-of-hospital birth options,Midwifery Care and Out-of-Hospital options,"Signed by the Governor, Chapter 186 of the Acts of 2024",1
1,H4773,4773,H,193,An Act promoting access to midwifery care and out-of-hospital birth options,House Committee on Ways and Means,"Published as amended, see H4785",0
2,S1405,1405,S,193,An Act relative to newborn screenings for congenital cytomegalovirus,Joan B. Lovely,No further action taken,0
3,S607,607,S,193,An Act to increase access to nurse-midwifery services,Brendan P. Crighton,No further action taken,0
4,H1069,1069,H,193,An Act to increase access to nurse-midwifery services,Kay Khan,Senate concurred,0
5,H1202,1202,H,193,An Act to preserve special needs trusts for disabled seniors,Kate Hogan,"New draft substituted, see H4841",0
6,S108,108,S,193,An Act establishing guardians as providers of medical care to support the rights of incapacitated persons,Joan B. Lovely,"Accompanied a study order, see S2795",0
7,H5033,5033,H,193,An Act to improve quality and oversight of long-term care,Long Term Care,"Signed by the Governor, Chapter 197 of the Acts of 2024",1
8,H4800,4800,H,193,"An Act making appropriations for the fiscal year 2025 for the maintenance of the departments, boards, commissions, institutions, and certain activities of the commonwealth, for interest, sinking fund, and serial bond requirements, and for certain permanent improvements","General Appropriation Bill, FY25",Item 7066-0036 passed over veto - 155 YEAS to 2 NAYS (See YEA and NAY No. 191),0
9,H2007,2007,H,193,An Act enabling physician assistants to authorize psychiatric holds and ensure adequate training on their use,Edward R. Philips,"Accompanied a study order, see H4897",0
10,H4058,4058,H,193,An Act expanding access to mental health services,Marjorie C. Decker,"Accompanied a study order, see H4879",0
11,H5100,5100,H,193,An Act relative to strengthening Massachusetts’ economic leadership,Economic Development,"For actions on the sections returned with recommendations of amendment, see H5111",0
12,H2135,2135,H,193,An Act relative to removing barriers to care for physician assistants,Christine P. Barber,Accompanied S1354,0
13,S1267,1267,S,193,An Act expanding access to mental health services,Jacob R. Oliveira,"Accompanied a study order, see S2642",0
14,H2217,2217,H,193,An Act relative to limited service clinics,Kay Khan,"Accompanied a study order, see H4739",0
15,H1950,1950,H,193,An Act relative to physician assistant non-competes,Jon Santiago,"Accompanied a study order, see H4570",0
16,H2812,2812,H,193,An Act establishing fairness for agricultural laborers,Carlos González,"Accompanied a study order, see H5045",0
17,S1837,1837,S,193,An Act establishing fairness for agricultural laborers,Adam Gomez,"Accompanied a study order, see H5045",0
18,S2673,2673,S,193,An Act relative to social work uplifting practices and exam removal.,Joint Committee on Higher Education,No further action taken,0
19,H4451,4451,H,193,An Act relative to social work uplifting practices and exam removal,Joint Committee on Higher Education,No further action taken,0
20,S2227,2227,S,193,An Act to end debt-based driving restrictions and remove economic roadblocks,Julian Cyr,"Accompanied a study order, see S2796",0
21,H3314,3314,H,193,An Act to end debt-based driving restrictions and remove economic roadblocks,Brandy Fluker Oakley,"Accompanied a study order, see H4928",0
22,H1434,1434,H,193,An Act reducing barriers to employment through credit discrimination,Josh S. Cutler,No further action taken,0
23,S673,673,S,193,An Act ensuring support groups are part of the pathway of care following the annual mental health wellness exam,Joan B. Lovely,"Accompanied a study order, see H4634",0
24,H1075,1075,H,193,An Act ensuring support groups are part of the pathway of care following the annual mental health wellness exam,Michael P. Kushmerek,"Accompanied a study order, see H4854",0
25,H946,946,H,193,An Act to increase access to lactation care and services,Christine P. Barber,"Accompanied a study order, see H4691",0
26,S691,691,S,193,An Act to increase access to lactation care and services,Susan L. Moran,"Accompanied a study order, see H4634",0
27,H5077,5077,H,193,making appropriations for the fiscal year 2024 to provide for supplementing certain existing appropriations and for certain other activities and projects,House Committee on Ways and Means,"Signed by the Governor, Chapter 248 of the Acts of 2024",1
28,H1918,1918,H,193,An Act relative to employment protections for victims of abusive behavior,Jay D. Livingstone,No further action taken,0
29,S1152,1152,S,193,An Act relative to employment protections for victims of abusive behavior,Cynthia Stone Creem,Accompanied H1918,0
30,H2216,2216,H,193,An Act relative to dental hygienists,Kay Khan,"Accompanied a study order, see H4739",0
31,S1429,1429,S,193,An Act relative to dental hygienists,Michael O. Moore,"Accompanied a study order, see S2648",0
32,H3880,3880,H,193,An Act relative to dental hygienist reciprocal licensure,Tackey Chan,"New draft substituted, see H4842",0
33,H2241,2241,H,193,An Act enabling trained dental hygienists to administer dermal fillers and botox,Frank A. Moran,"Accompanied a study order, see H4739",0
34,S664,664,S,193,An Act relative to the sustainability of public health dental hygienists through adequate reimbursements,Robyn K. Kennedy,"Accompanied a study order, see H4634",0
35,H2255,2255,H,193,An Act relative to the sustainability of public health dental hygienists through adequate reimbursements,Smitty Pignatelli,"Accompanied a study order, see H4739",0
36,S1379,1379,S,193,An Act to improve oral health for all Massachusetts residents,Adam Gomez,"Accompanied a new draft, see S2740",0
37,S1357,1357,S,193,An Act enabling trained dental hygienists to administer dermal fillers and botox,Julian Cyr,"Accompanied a study order, see S2648",0
38,H2215,2215,H,193,An Act protecting children from harmful diet pills and muscle-building supplements,Kay Khan,No further action taken,0
39,H5159,5159,H,193,An Act enhancing the market review process,Market Review Process,"Signed by the Governor, Chapter 343 of the Acts of 2024",1
40,H4799,4799,H,193,An Act making appropriations for the fiscal year 2024 to provide for supplementing certain existing appropriations and for certain other activities and projects,,"Signed by the Governor, Chapter 206 of the Acts of 2024",1
41,H4442,4442,H,193,An Act creating a special legislative commission to study barriers to job retention for low-income workers,Joint Committee on Labor and Workforce Development,No further action taken,0
42,S2475,2475,S,193,An Act relative to the licensure of behavior analysts,Joint Committee on Consumer Protection and Professional Licensure,No further action taken,0
43,S376,376,S,193,An Act relative to Massachusetts home care eligibility,Patricia D. Jehlen,No further action taken,0
44,S1244,1244,S,193,An Act building resiliency in communities through mental health,Julian Cyr,Accompanied H1985,0
45,H1985,1985,H,193,An Act building resiliency in communities through mental health,Brandy Fluker Oakley,No further action taken,0
46,S345,345,S,193,An Act to update accuracy of membership to the state advisory council on early education and care,Rebecca L. Rausch,No further action taken,0
47,H135,135,H,193,An Act establishing basic needs assistance for Massachusetts immigrant residents ,Antonio F. D. Cabral,No further action taken,0
48,S75,75,S,193,An Act to lift kids out of deep poverty,Sal N. DiDomenico,No further action taken,0
49,H144,144,H,193,An Act to lift kids out of deep poverty,Marjorie C. Decker,No further action taken,0
50,S1890,1890,S,193,An Act excluding the Segal AmeriCorps Education Award from taxable income,Susan L. Moran,No further action taken,0
51,H1748,1748,H,193,"An Act relative to access to a decedent's electronic mail accounts

",Jeffrey N. Roy,"Accompanied a study order, see H4517",0
52,S930,930,S,193,An Act relative to access to a decedent's electronic mail accounts,Cynthia Stone Creem,"Accompanied a study order, see S2612",0
53,S1362,1362,S,193,An Act relative to the Massachusetts lead law and promoting equal access to lead-free housing,James B. Eldridge,"Accompanied a study order, see S2648",0
54,H2223,2223,H,193,An Act relative to the Massachusetts lead law and promoting equal access to lead-free housing,David Henry Argosky LeBoeuf,"Accompanied a study order, see H4739",0
55,S1156,1156,S,193,An Act protecting an employee's right to rebuttal of personnel records,Sal N. DiDomenico,No further action taken,0
56,H1881,1881,H,193,An Act clarifying the wage act to protect hospital workers from being deprived of their wages,Denise C. Garlick,"Accompanied a study order, see H5014",0
57,H1891,1891,H,193,An Act clarifying the prevailing wage act to protect actions by the attorney general,Kenneth I. Gordon,No further action taken,0
58,H1088,1088,H,193,An Act relative to greater fairness in insurance,Jay D. Livingstone,"Accompanied a study order, see H4705",0
59,S1161,1161,S,193,An Act clarifying the prevailing wage act to protect actions by the attorney general,Sal N. DiDomenico,No further action taken,0
60,S1177,1177,S,193,An Act clarifying the wage act to protect hospital workers from being deprived of their wages,Paul R. Feeney,Accompanied H1881,0
61,H4282,4282,H,193,An Act relative to defense against abusive waivers,Joint Committee on Labor and Workforce Development,No further action taken,0
62,H1892,1892,H,193,An Act relative to anti-retaliation protections for public employees,Kenneth I. Gordon,"Accompanied a study order, see H5043",0
63,H1886,1886,H,193,An Act protecting an employee's right to rebuttal of personnel records,Kenneth I. Gordon,Accompanied S1156,0
64,H1709,1709,H,193,An Act to further protect employees through a private right of action,Tram T. Nguyen,"Accompanied a study order, see H4517",0
65,H4970,4970,H,193,An Act to ensure legal parentage equality,Legal Parentage Equality,"Signed by the Governor, Chapter 166 of the Acts of 2024",1
66,S99,99,S,193,An Act creating a special commission to study the current refugee resettlement infrastructure and ensure the successful integration of refugees in Massachusetts ,Robyn K. Kennedy,No further action taken,0
67,H1350,1350,H,193,An Act to guarantee a tenant’s first right of refusal,Jay D. Livingstone,No further action taken,0
68,S880,880,S,193,An Act to guarantee a tenant’s first right of refusal,Patricia D. Jehlen,No further action taken,0
69,S864,864,S,193,"An Act promoting access to counsel and housing stability in Massachusetts
",Sal N. DiDomenico,No further action taken,0
70,H4977,4977,H,193,An Act relative to the Affordable Homes Act,Affordable Homes Act,"Signed by the Governor, Chapter 150 of the Acts of 2024",1
71,H4360,4360,H,193,An Act promoting access to counsel and housing stability in Massachusetts,Joint Committee on the Judiciary,No further action taken,0
72,H4429,4429,H,193,An Act relative to fairness in debt collection,Joint Committee on Financial Services,No further action taken,0
73,S2713,2713,S,193,An Act relative to fairness in debt collection,Senate Committee on Ways and Means,No further action taken,0
74,H1308,1308,H,193,An Act relative to the use of credit reporting in housing,Manny Cruz,No further action taken,0
75,S877,877,S,193,An Act relative to the use of credit reporting in housing,Adam Gomez,No further action taken,0
76,H1302,1302,H,193,An Act relative to manufactured housing,Tackey Chan,No further action taken,0
77,S1354,1354,S,193,An Act relative to removing barriers to care for physician assistants,Julian Cyr,No further action taken,0
78,H4459,4459,H,193,An Act relative to strengthening Massachusetts' economic leadership,Maura T. Healey,"Accompanied a new draft, see H4722",0
79,H4601,4601,H,193,"An Act making appropriations for the fiscal year 2025 for the maintenance of the departments, boards, commissions, institutions, and certain activities of the commonwealth, for interest, sinking fund, and serial bond requirements, and for certain permanent improvements",,"Reported, in part, by H4800",0
80,H2,2,H,193,"An Act making appropriations for the fiscal year 2025 for the maintenance of the departments, boards, commissions, institutions, and certain activities of the Commonwealth, for interest, sinking fund, and serial bond requirements, and for certain permanent improvements",Maura T. Healey,No further action taken,0
81,H1253,1253,H,193,An Act relative to social work uplifting practices and exam removal ,Christine P. Barber,"Accompanied a new draft, see H4451",0
82,S2800,2800,S,193,"An Act making appropriations for the fiscal year 2025 for the maintenance of the departments, boards, commissions, institutions, and certain activities of the commonwealth, for interest, sinking fund, and serial bond requirements, and for certain permanent improvements",,See H4601,0
83,S1335,1335,S,193,An Act updating the regulations governing licensed birth centers in Massachusetts,Joanne M. Comerford,"Accompanied a new draft, see H4566",0
84,H4566,4566,H,193,An Act promoting access to midwifery care and out-of-hospital birth options,Joint Committee on Public Health,"New draft substituted, see H4773",0
85,S1457,1457,S,193,An Act promoting access to midwifery care and out-of-hospital birth options,Rebecca L. Rausch,"Accompanied a new draft, see H4566",0
86,S1415,1415,S,193,An Act relative to birthing justice in the Commonwealth,Liz Miranda,"Accompanied a new draft, see S2734",0
87,H1415,1415,H,193,An Act to increase the penalty for school tardiness,Tackey Chan,"Accompanied a study order, see H4517",0
88,H188,188,H,193,An Act establishing guardians as providers of medical care to support the rights of incapacitated persons,Sally P. Kerans,Accompanied S108,0
89,S756,756,S,193,An Act preserving special needs trusts for disabled seniors,Patricia D. Jehlen,Accompanied H1202,0
90,S1465,1465,S,193,An Act protecting children from harmful diet pills and muscle-building supplements,Michael F. Rush,Accompanied H2215,0
91,S2835,2835,S,193,An Act relative to adoptions,Cynthia Stone Creem,"Accompanied a new draft, see S3009",0
92,H4709,4709,H,193,An Act relative to adoptions,Lindsay N. Sabadosa,"Accompanied a new draft, see S3009",0
93,H4496,4496,H,193,An Act making appropriations for the fiscal year 2024 to provide for supplementing certain existing appropriations and for certain other activities and projects,Maura T. Healey,No further action taken,0
94,H2253,2253,H,193,An Act to improve oral health for all Massachusetts residents,Smitty Pignatelli,"Accompanied a new draft, see S2740",0
95,H197,197,H,193,An Act creating a special commission to study the current refugee resettlement infrastructure and ensure the successful integration of refugees in Massachusetts ,David Henry Argosky LeBoeuf,Accompanied S99,0
96,H2777,2777,H,193,An Act excluding the Segal AmeriCorps Educational Award from taxable income,"William J. Driscoll, Jr.",Accompanied S1890,0
97,S76,76,S,193,An Act establishing basic needs assistance for Massachusetts immigrant residents,Sal N. DiDomenico,Accompanied H135,0
98,H542,542,H,193,An Act to promote racially inclusive curriculum in schools,Tram T. Nguyen,"Accompanied a new draft, see H4519",0
99,H3052,3052,H,193,An Act promoting the civil rights and inclusion of American Muslims in the Commonwealth,Vanna Howard,No further action taken,0
