,year,lobbyist_name,entity_name,salary,entity_name_norm
0,2005,Robert M. Platt,"National Consulting,LLC",240500.0,NATIONAL CONSULTING
1,2005,Alfred A Minahan,"Minahan Companies, The",79000.0,MINAHAN COMPANIES
2,2005,John F Hahesy,"Minahan Companies, The",71000.0,MINAHAN COMPANIES
3,2005,John R Sasso,Advanced Strategies,109200.0,ADVANCED STRATEGIES
4,2005,Henry S Gillet,HSG & Associates,25000.0,HSG
5,2005,"William F Malloy, Jr.","Malloy Group, Inc., The",219899.0,MALLOY GROUP
6,2005,"Lisa M Hewitt, Esq.","Sheehy & Hewitt, Attorneys At Law",0.0,SHEEHY AND HEWITT ATTORNEYS AT LAW
7,2005,"Shawn K Sheehy, Esq.","Sheehy & Hewitt, Attorneys At Law",0.0,SHEEHY AND HEWITT ATTORNEYS AT LAW
8,2005,"Michael J McCormack, Esq.",Michael J. McCormack Esq,120000.0,MICHAEL J MCCORMACK ESQ
9,2005,Charles F Flaherty,Flaherty & Associates,341500.0,FLAHERTY
10,2005,Daniel Flaherty,Flaherty & Associates,28750.0,FLAHERTY
11,2005,Timothy R Flaherty,Flaherty & Associates,28750.0,FLAHERTY
12,2005,Diane L. McGlynn,"Law Office of John J. McGlynn, Jr.",19000.0,JOHN J MCGLYNN JR
13,2005,John J. McGlynn,"Law Office of John J. McGlynn, Jr.",208181.0,JOHN J MCGLYNN JR
14,2005,Patrick F. Scanlan,"Law Office of John J. McGlynn, Jr.",49450.0,JOHN J MCGLYNN JR
15,2005,Thomas E. Cremin,Issues Management Group,0.0,ISSUES MANAGEMENT GROUP
16,2005,Maryanne Lewis,"Maryanne Lewis, Counsellor at Law",0.0,MARYANNE LEWIS COUNSELLOR AT LAW
17,2005,Gerard D'Amico,Offices of Gerard D'Amico,31317.5,OFFICES OF GERARD D AMICO
18,2005,Joseph M Grant,Grant Associates,60000.0,GRANT
19,2005,Bridget A. Simmons,Bridget Simmons & Associates,36000.0,BRIDGET SIMMONS
20,2005,Michael J. Daly,Michael J. Daly Associates,15000.0,MICHAEL J DALY
21,2005,John D O'Brien,O'Brien and Associates,48000.0,O BRIEN
22,2005,Christopher J Greeley,"Commonwealth Group, The",0.0,COMMONWEALTH GROUP
23,2005,Richard J Hayes,Richard J. Hayes Consulting,60000.0,RICHARD J HAYES CONSULTING
24,2005,John P. Burke,Burke Strategies,92000.0,BURKE STRATEGIES
25,2005,Joseph A Ricca,Dewey Square Group,140000.0,DEWEY SQUARE GROUP
26,2005,Thomas P McShane,Dewey Square Group,72000.0,DEWEY SQUARE GROUP
27,2005,Paul E Caron,"Caron Associates, Paul E.",183271.54,CARON PAUL E
28,2005,Paul M. Pezzella,Paul M. Pezzella Group,0.0,PAUL M PEZZELLA GROUP
29,2005,"Theodore J. Aliexo, Jr.","Aleixo Law Offices, P.C.",0.0,ALEIXO LAW OFFICES P C
30,2005,James P. Hurrell,James P. Hurrell Lobbying Consulting,210000.0,JAMES P HURRELL LOBBYING CONSULTING
31,2005,Edwin J Fremder,Corwin & Corwin,15000.0,CORWIN AND CORWIN
32,2005,Gerald M Cohen,Gerald Cohen,0.0,GERALD COHEN
33,2005,Mary Ann Hart,Hart Government Relations,123868.0,HART GOVERNMENT RELATIONS
34,2005,Henri Rauschenbach,Rauschenbach Associates,371000.0,RAUSCHENBACH
35,2005,Peter S Rice,"LeBoeuf, Lamb, Greene & MacRae",113250.0,LEBOEUF LAMB GREENE AND MACRAE
36,2005,Kevin M Burke,Burke & Mawn Consultants,56500.0,BURKE AND MAWN CONSULTANTS
37,2005,Robert J. Ambrogi,Law Office of Robert Ambrogi,14000.0,ROBERT AMBROGI
38,2005,Jennifer M. Kiely,Brown Rudnick Berlack Israels LLP,75000.0,BROWN RUDNICK BERLACK ISRAELS
39,2005,"Edward J Donahue, Jr.","Ferriter Scobbo & Rodophele, PC",5176.0,FERRITER SCOBBO AND RODOPHELE
40,2005,Robert P. Rodophele,"Ferriter Scobbo & Rodophele, PC",380500.0,FERRITER SCOBBO AND RODOPHELE
41,2005,Robert Barry,Robert S. Barry Consulting,0.0,ROBERT S BARRY CONSULTING
42,2005,"John C Bartley, Esq.",Law Office of John C. Bartley,281500.0,JOHN C BARTLEY
43,2005,John F Moffitt,Andover Strategies,60000.0,ANDOVER STRATEGIES
44,2005,Edward E. O'Sullivan,Capital Associates Inc.,85000.0,CAPITAL
45,2005,Dennis A. Smith,Dennis A. Smith Associates,264400.0,DENNIS A SMITH
46,2005,Elizabeth A. Cunney,Joyce & Joyce Counsellors at Law,20000.0,JOYCE AND JOYCE
47,2005,"Robert W Capstick, Jr.",Joyce & Joyce Counsellors at Law,30000.0,JOYCE AND JOYCE
48,2005,Sue Ellen Joyce,Joyce & Joyce Counsellors at Law,40000.0,JOYCE AND JOYCE
49,2005,"Thomas M. Joyce, Esq.",Joyce & Joyce Counsellors at Law,200000.0,JOYCE AND JOYCE
50,2005,Mark J Delaney,"Delaney & Associates, Inc.",150000.0,DELANEY
51,2005,Scott J Delaney,"Delaney & Associates, Inc.",60000.0,DELANEY
52,2005,"Theodore J. Aliexo, Jr.","Essential Strategies, Inc.",208000.0,ESSENTIAL STRATEGIES
53,2005,Edwin J. Shanahan,Ed Shanahan Associates,33050.0,ED SHANAHAN
54,2005,Emanuel Serra,EGS Strategies,29250.0,EGS STRATEGIES
55,2005,Joseph A Ricca,"DSG Strategies, Inc.",60000.0,DSG STRATEGIES
56,2005,Maureen Glynn,"Maureen Glynn, Attorney at Law",0.0,MAUREEN GLYNN
57,2005,Charles Glick,Charles Group Consulting,44250.0,CHARLES GROUP CONSULTING
58,2005,Erin Boles,Charles Group Consulting,0.0,CHARLES GROUP CONSULTING
59,2005,Kristine Glynn,Charles Group Consulting,0.0,CHARLES GROUP CONSULTING
60,2005,Christopher S Koczela,Quinn & Morris,70000.0,QUINN AND MORRIS
61,2005,David D Cahill,Quinn & Morris,55000.0,QUINN AND MORRIS
62,2005,James T Morris,Quinn & Morris,198500.0,QUINN AND MORRIS
63,2005,Robert H Quinn,Quinn & Morris,218500.0,QUINN AND MORRIS
64,2005,Luke A. Dillon,Dillon & Scarino,215504.0,DILLON AND SCARINO
65,2005,SUZANNE M BUMP,"McDevitt & Bump, PC",24000.0,MCDEVITT AND BUMP
66,2005,Andrew S Hunt,KMC Strategies Group,40500.0,KMC STRATEGIES GROUP
67,2005,"Kevin M Considine, Esq.",KMC Strategies Group,67500.0,KMC STRATEGIES GROUP
68,2005,Andrew S Levine,"Donoghue, Barrett & Singal, P.C.",31799.96,DONOGHUE BARRETT AND SINGAL P C
69,2005,Roger D Donoghue,"Donoghue, Barrett & Singal, P.C.",296400.0,DONOGHUE BARRETT AND SINGAL P C
70,2005,Tara J O'Donnell,"Donoghue, Barrett & Singal, P.C.",158061.6,DONOGHUE BARRETT AND SINGAL P C
71,2005,Neil L Chayet,"Chayet Communications Group, Inc.",12750.0,CHAYET COMMUNICATIONS GROUP
72,2005,Raymond P. Howell,Howell Communications,126750.0,HOWELL COMMUNICATIONS
73,2005,Carole P. Ridley,Ridley & Associates,0.0,RIDLEY
74,2005,Benjamin Fierro III,"Lynch & Fierro, LLP, Counsellors at Law",156374.95,LYNCH AND FIERRO
75,2005,Patricia A Lynch,"Lynch & Fierro, LLP, Counsellors at Law",156374.95,LYNCH AND FIERRO
76,2005,Scott P Lewis,Palmer & Dodge LLP,2800.0,PALMER AND DODGE
77,2005,Neal Costello,Rubin and Rudman LLP,0.0,RUBIN AND RUDMAN
78,2005,"Robert F. O'Koniewski, II",Rubin and Rudman LLP,0.0,RUBIN AND RUDMAN
79,2005,Richard McDonough,McDonough Associates,0.0,MCDONOUGH
80,2005,Beth J. Masterman,Liberty Square Group,143290.0,LIBERTY SQUARE GROUP
81,2005,William H Ryan,Ryan Associates,63000.0,RYAN
82,2005,Charlene Rideout,"Kearney, Donovan & McGee, P.C.",43750.02,KEARNEY DONOVAN AND MCGEE P C
83,2005,Dennis J Kearney,"Kearney, Donovan & McGee, P.C.",107103.58,KEARNEY DONOVAN AND MCGEE P C
84,2005,Michelle R McGee,"Kearney, Donovan & McGee, P.C.",109159.9,KEARNEY DONOVAN AND MCGEE P C
85,2005,Paul T Donovan,"Kearney, Donovan & McGee, P.C.",103241.7,KEARNEY DONOVAN AND MCGEE P C
86,2005,Bob Durand,Durand & Anastas Environmental Strategies,150000.0,DURAND AND ANASTAS ENVIRONMENTAL STRATEGIES
87,2005,Evelyn T. Reilly,Reilly Associates,3867.0,REILLY
88,2005,"John E. Murphy, Jr.","John E. Murphy Jr., Attorney at Law",0.0,JOHN E MURPHY JR
89,2005,Maureen Glynn,"John E. Murphy Jr., Attorney at Law",80000.0,JOHN E MURPHY JR
90,2005,David K Shapiro,Bernstein & Shapiro,4080.0,BERNSTEIN AND SHAPIRO
91,2005,Robert Bernstein,Bernstein & Shapiro,3458.0,BERNSTEIN AND SHAPIRO
92,2005,Erin L. Donovan,"Mayforth Group, LLC",500.0,MAYFORTH GROUP
93,2005,"Richard M. McAuliffe, Jr.","Mayforth Group, LLC",1000.0,MAYFORTH GROUP
94,2005,Valerie Barsom,Barsom Associates,164750.0,BARSOM
95,2005,John K Habib,Keegan Werlin  LLP,2442.0,KEEGAN WERLIN
96,2005,Jon N Bonsall,Keegan Werlin  LLP,5730.6,KEEGAN WERLIN
97,2005,Lisa M Simonetti,Hub Strategies,85000.0,HUB STRATEGIES
98,2005,Paul M. Pezzella,"ADS Ventures, Inc.",227150.0,ADS VENTURES
99,2005,Sean C. King,"ADS Ventures, Inc.",88076.91,ADS VENTURES
