,entity_name,client_name,year,period_end,compensation,reg_type,entity_name_norm,client_name_norm
0,Grant Associates,_total_salary_,2005,2005-06-30,30000.0,Lobbyist Entity,GRANT,_TOTAL_SALARY_
1,Fort Hill Advisors,_total_salary_,2005,2005-12-31,122500.0,Lobbyist Entity,FORT HILL ADVISORS,_TOTAL_SALARY_
2,Brown Rudnick Berlack Israels LLP,_total_salary_,2005,2005-12-31,62500.0,Lobbyist Entity,BROWN RUDNICK BERLACK ISRAELS,_TOTAL_SALARY_
3,Burke & Mawn Consultants,_total_salary_,2005,2005-12-31,17500.0,Lobbyist Entity,BURKE AND MAWN CONSULTANTS,_TOTAL_SALARY_
4,"Minahan Companies, The",_total_salary_,2005,2005-12-31,75000.0,Lobbyist Entity,MINAHAN COMPANIES,_TOTAL_SALARY_
5,Tevnan & Tevnan LLP,_total_salary_,2005,2005-06-30,131808.0,Lobbyist Entity,TEVNAN AND TEVNAN,_TOTAL_SALARY_
6,Capital Associates Inc.,_total_salary_,2005,2005-12-31,25000.0,Lobbyist Entity,CAPITAL,_TOTAL_SALARY_
7,Hub Strategies,_total_salary_,2005,2005-06-30,32000.0,Lobbyist Entity,HUB STRATEGIES,_TOTAL_SALARY_
8,Brian S. Hickey Associates,_total_salary_,2005,2005-06-30,206250.0,Lobbyist Entity,BRIAN S HICKEY,_TOTAL_SALARY_
9,Reilly Associates,_total_salary_,2005,2005-12-31,1245.0,Lobbyist Entity,REILLY,_TOTAL_SALARY_
10,"Minahan Companies, The",_total_salary_,2005,2005-06-30,75000.0,Lobbyist Entity,MINAHAN COMPANIES,_TOTAL_SALARY_
11,Capital Associates Inc.,_total_salary_,2005,2005-06-30,60000.0,Lobbyist Entity,CAPITAL,_TOTAL_SALARY_
12,"Massachusetts Technology Group, Ltd.",_total_salary_,2005,2005-06-30,1.0,Lobbyist Entity,MASSACHUSETTS TECHNOLOGY GROUP,_TOTAL_SALARY_
13,Quinn & Morris,_total_salary_,2005,2005-06-30,250000.0,Lobbyist Entity,QUINN AND MORRIS,_TOTAL_SALARY_
14,Advanced Strategies,_total_salary_,2005,2005-06-30,50400.0,Lobbyist Entity,ADVANCED STRATEGIES,_TOTAL_SALARY_
15,Dewey Square Group,_total_salary_,2005,2005-12-31,106000.0,Lobbyist Entity,DEWEY SQUARE GROUP,_TOTAL_SALARY_
16,Gregory & Associates,_total_salary_,2005,2005-12-31,53796.0,Lobbyist Entity,GREGORY,_TOTAL_SALARY_
17,"Connolly Associates, James Michael",_total_salary_,2005,2005-12-31,143117.95,Lobbyist Entity,CONNOLLY JAMES MICHAEL,_TOTAL_SALARY_
18,Andover Strategies,_total_salary_,2005,2005-12-31,15000.0,Lobbyist Entity,ANDOVER STRATEGIES,_TOTAL_SALARY_
19,"Essential Strategies, Inc.",_total_salary_,2005,2005-12-31,104000.0,Lobbyist Entity,ESSENTIAL STRATEGIES,_TOTAL_SALARY_
20,"McKenna Long & Aldridge, LLP",_total_salary_,2005,2005-06-30,13500.0,Lobbyist Entity,MCKENNA LONG AND ALDRIDGE,_TOTAL_SALARY_
21,The Vince Group,_total_salary_,2005,2005-06-30,51717.44,Lobbyist Entity,VINCE GROUP,_TOTAL_SALARY_
22,"John E. Murphy Jr., Attorney at Law",_total_salary_,2005,2005-12-31,40000.0,Lobbyist Entity,JOHN E MURPHY JR,_TOTAL_SALARY_
23,Political Advantage,_total_salary_,2005,2005-06-30,36980.0,Lobbyist Entity,POLITICAL ADVANTAGE,_TOTAL_SALARY_
24,"Lynch Associates, Inc.",_total_salary_,2005,2005-12-31,75862.5,Lobbyist Entity,LYNCH,_TOTAL_SALARY_
25,"DSG Strategies, Inc.",_total_salary_,2005,2005-12-31,30000.0,Lobbyist Entity,DSG STRATEGIES,_TOTAL_SALARY_
26,"Delaney & Associates, Inc.",_total_salary_,2005,2005-06-30,105000.0,Lobbyist Entity,DELANEY,_TOTAL_SALARY_
27,Burke & Mawn Consultants,_total_salary_,2005,2005-06-30,39000.0,Lobbyist Entity,BURKE AND MAWN CONSULTANTS,_TOTAL_SALARY_
28,Nutter McClennen & Fish LLP,_total_salary_,2005,2005-12-31,160013.94,Lobbyist Entity,NUTTER MCCLENNEN AND FISH,_TOTAL_SALARY_
29,Joyce & Joyce Counsellors at Law,_total_salary_,2005,2005-06-30,150000.0,Lobbyist Entity,JOYCE AND JOYCE,_TOTAL_SALARY_
30,Waterville Consulting,_total_salary_,2005,2005-12-31,100000.0,Lobbyist Entity,WATERVILLE CONSULTING,_TOTAL_SALARY_
31,Brown Rudnick Berlack Israels LLP,_total_salary_,2005,2005-06-30,12500.0,Lobbyist Entity,BROWN RUDNICK BERLACK ISRAELS,_TOTAL_SALARY_
32,"Ventry Associates, LLP",_total_salary_,2005,2005-06-30,30499.97,Lobbyist Entity,VENTRY,_TOTAL_SALARY_
33,"Law Office of John J. McGlynn, Jr.",_total_salary_,2005,2005-12-31,93200.0,Lobbyist Entity,JOHN J MCGLYNN JR,_TOTAL_SALARY_
34,Richard J. Hayes Consulting,_total_salary_,2005,2005-12-31,30000.0,Lobbyist Entity,RICHARD J HAYES CONSULTING,_TOTAL_SALARY_
35,Stephen J. Finnegan,_total_salary_,2005,2005-06-30,22000.0,Lobbyist Entity,STEPHEN J FINNEGAN,_TOTAL_SALARY_
36,Pharmaceutical Strategies LLC,_total_salary_,2005,2005-12-31,6000.0,Lobbyist Entity,PHARMACEUTICAL STRATEGIES,_TOTAL_SALARY_
37,Holland & Knight LLP,_total_salary_,2005,2005-12-31,139133.0,Lobbyist Entity,HOLLAND AND KNIGHT,_TOTAL_SALARY_
38,Dennis A. Smith Associates,_total_salary_,2005,2005-06-30,132200.0,Lobbyist Entity,DENNIS A SMITH,_TOTAL_SALARY_
39,Offices of Gerard D'Amico,_total_salary_,2005,2005-06-30,31317.5,Lobbyist Entity,OFFICES OF GERARD D AMICO,_TOTAL_SALARY_
40,Liberty Square DC,_total_salary_,2005,2005-12-31,45000.0,Lobbyist Entity,LIBERTY SQUARE DC,_TOTAL_SALARY_
41,"ADS Ventures, Inc.",_total_salary_,2005,2005-06-30,158000.0,Lobbyist Entity,ADS VENTURES,_TOTAL_SALARY_
42,Grant Associates,_total_salary_,2005,2005-12-31,30000.0,Lobbyist Entity,GRANT,_TOTAL_SALARY_
43,"Altria Corporate Services, Inc.",_total_salary_,2005,2005-06-30,15000.0,Lobbyist Entity,ALTRIA CORPORATE SERVICES,_TOTAL_SALARY_
44,Hart Government Relations,_total_salary_,2005,2005-12-31,66868.0,Lobbyist Entity,HART GOVERNMENT RELATIONS,_TOTAL_SALARY_
45,Shanley Fleming & Associates,_total_salary_,2005,2005-12-31,315000.0,Lobbyist Entity,SHANLEY FLEMING,_TOTAL_SALARY_
46,"McDermott, Quilty & Miller",_total_salary_,2005,2005-06-30,122225.0,Lobbyist Entity,MCDERMOTT QUILTY AND MILLER,_TOTAL_SALARY_
47,Gregory & Associates,_total_salary_,2005,2005-06-30,68720.0,Lobbyist Entity,GREGORY,_TOTAL_SALARY_
48,James P. Hurrell Lobbying Consulting,_total_salary_,2005,2005-06-30,105000.0,Lobbyist Entity,JAMES P HURRELL LOBBYING CONSULTING,_TOTAL_SALARY_
49,"Law Office of John J. McGlynn, Jr.",_total_salary_,2005,2005-06-30,183431.0,Lobbyist Entity,JOHN J MCGLYNN JR,_TOTAL_SALARY_
50,"National Consulting,LLC",_total_salary_,2005,2005-12-31,129000.0,Lobbyist Entity,NATIONAL CONSULTING,_TOTAL_SALARY_
51,Tevnan & Tevnan LLP,_total_salary_,2005,2005-12-31,140630.0,Lobbyist Entity,TEVNAN AND TEVNAN,_TOTAL_SALARY_
52,Corwin & Corwin,_total_salary_,2005,2005-12-31,7500.0,Lobbyist Entity,CORWIN AND CORWIN,_TOTAL_SALARY_
53,O'Sullivan & Associates,_total_salary_,2005,2005-06-30,12000.0,Lobbyist Entity,O SULLIVAN,_TOTAL_SALARY_
54,Andover Strategies,_total_salary_,2005,2005-06-30,45000.0,Lobbyist Entity,ANDOVER STRATEGIES,_TOTAL_SALARY_
55,Stephen J. Finnegan,_total_salary_,2005,2005-12-31,45000.0,Lobbyist Entity,STEPHEN J FINNEGAN,_TOTAL_SALARY_
56,Meredith and Associates,_total_salary_,2005,2005-06-30,6658.0,Lobbyist Entity,MEREDITH,_TOTAL_SALARY_
57,"The Dutko Group Companies, Inc.",_total_salary_,2005,2005-12-31,12500.0,Lobbyist Entity,DUTKO GROUP COMPANIES,_TOTAL_SALARY_
58,"McDevitt & Bump, PC",_total_salary_,2005,2005-06-30,12000.0,Lobbyist Entity,MCDEVITT AND BUMP,_TOTAL_SALARY_
59,Joyce & Joyce Counsellors at Law,_total_salary_,2005,2005-12-31,140000.0,Lobbyist Entity,JOYCE AND JOYCE,_TOTAL_SALARY_
60,Holland & Knight LLP,_total_salary_,2005,2005-06-30,99587.0,Lobbyist Entity,HOLLAND AND KNIGHT,_TOTAL_SALARY_
61,Dillon & Scarino,_total_salary_,2005,2005-12-31,120399.0,Lobbyist Entity,DILLON AND SCARINO,_TOTAL_SALARY_
62,Law Office of John C. Bartley,_total_salary_,2005,2005-12-31,145500.0,Lobbyist Entity,JOHN C BARTLEY,_TOTAL_SALARY_
63,Hub Strategies,_total_salary_,2005,2005-12-31,53000.0,Lobbyist Entity,HUB STRATEGIES,_TOTAL_SALARY_
64,O'Sullivan & Associates,_total_salary_,2005,2005-12-31,10000.0,Lobbyist Entity,O SULLIVAN,_TOTAL_SALARY_
65,Political Advantage,_total_salary_,2005,2005-12-31,42000.0,Lobbyist Entity,POLITICAL ADVANTAGE,_TOTAL_SALARY_
66,Durand & Anastas Environmental Strategies,_total_salary_,2005,2005-12-31,84000.0,Lobbyist Entity,DURAND AND ANASTAS ENVIRONMENTAL STRATEGIES,_TOTAL_SALARY_
67,"Governmental Strategies, Inc.",_total_salary_,2005,2005-12-31,215470.0,Lobbyist Entity,GOVERNMENTAL STRATEGIES,_TOTAL_SALARY_
68,James P. Hurrell Lobbying Consulting,_total_salary_,2005,2005-12-31,105000.0,Lobbyist Entity,JAMES P HURRELL LOBBYING CONSULTING,_TOTAL_SALARY_
69,Rauschenbach Associates,_total_salary_,2005,2005-06-30,141000.0,Lobbyist Entity,RAUSCHENBACH,_TOTAL_SALARY_
70,"Wren Enterprises, Inc.",_total_salary_,2005,2005-06-30,63000.0,Lobbyist Entity,WREN ENTERPRISES,_TOTAL_SALARY_
71,Nutter McClennen & Fish LLP,_total_salary_,2005,2005-06-30,120531.0,Lobbyist Entity,NUTTER MCCLENNEN AND FISH,_TOTAL_SALARY_
72,"ADS Ventures, Inc.",_total_salary_,2005,2005-12-31,157226.91,Lobbyist Entity,ADS VENTURES,_TOTAL_SALARY_
73,"Victory Group, The",_total_salary_,2005,2005-06-30,62993.0,Lobbyist Entity,VICTORY GROUP,_TOTAL_SALARY_
74,"LeBoeuf, Lamb, Greene & MacRae",_total_salary_,2005,2005-12-31,65250.0,Lobbyist Entity,LEBOEUF LAMB GREENE AND MACRAE,_TOTAL_SALARY_
75,"LeBoeuf, Lamb, Greene & MacRae",_total_salary_,2005,2005-06-30,48000.0,Lobbyist Entity,LEBOEUF LAMB GREENE AND MACRAE,_TOTAL_SALARY_
76,O'Neill & Associates,_total_salary_,2005,2005-06-30,547388.0,Lobbyist Entity,O NEILL,_TOTAL_SALARY_
77,"McDevitt & Bump, PC",_total_salary_,2005,2005-12-31,12000.0,Lobbyist Entity,MCDEVITT AND BUMP,_TOTAL_SALARY_
78,Pharmaceutical Strategies LLC,_total_salary_,2005,2005-06-30,6000.0,Lobbyist Entity,PHARMACEUTICAL STRATEGIES,_TOTAL_SALARY_
79,Brian S. Hickey Associates,_total_salary_,2005,2005-12-31,245500.0,Lobbyist Entity,BRIAN S HICKEY,_TOTAL_SALARY_
80,Keegan Werlin  LLP,_total_salary_,2005,2005-06-30,4332.6,Lobbyist Entity,KEEGAN WERLIN,_TOTAL_SALARY_
81,Michael J. Daly Associates,_total_salary_,2005,2005-06-30,15000.0,Lobbyist Entity,MICHAEL J DALY,_TOTAL_SALARY_
82,KMC Strategies Group,_total_salary_,2005,2005-12-31,54000.0,Lobbyist Entity,KMC STRATEGIES GROUP,_TOTAL_SALARY_
83,Liberty Square Group,_total_salary_,2005,2005-06-30,80400.0,Lobbyist Entity,LIBERTY SQUARE GROUP,_TOTAL_SALARY_
84,"Massachusetts Technology Group, Ltd.",_total_salary_,2005,2005-12-31,1.0,Lobbyist Entity,MASSACHUSETTS TECHNOLOGY GROUP,_TOTAL_SALARY_
85,Advanced Strategies,_total_salary_,2005,2005-12-31,58800.0,Lobbyist Entity,ADVANCED STRATEGIES,_TOTAL_SALARY_
86,Rasky/Baerlein Group,_total_salary_,2005,2005-06-30,123000.0,Lobbyist Entity,RASKY/BAERLEIN GROUP,_TOTAL_SALARY_
87,Charles Group Consulting,_total_salary_,2005,2005-12-31,26200.0,Lobbyist Entity,CHARLES GROUP CONSULTING,_TOTAL_SALARY_
88,"Essential Strategies, Inc.",_total_salary_,2005,2005-06-30,104000.0,Lobbyist Entity,ESSENTIAL STRATEGIES,_TOTAL_SALARY_
89,WilmerHale,_total_salary_,2005,2005-12-31,21000.0,Lobbyist Entity,WILMERHALE,_TOTAL_SALARY_
90,Michael J. McCormack Esq,_total_salary_,2005,2005-06-30,60000.0,Lobbyist Entity,MICHAEL J MCCORMACK ESQ,_TOTAL_SALARY_
91,"Brandon Associates, LLC",_total_salary_,2005,2005-12-31,90000.0,Lobbyist Entity,BRANDON,_TOTAL_SALARY_
92,Corwin & Corwin,_total_salary_,2005,2005-06-30,7500.0,Lobbyist Entity,CORWIN AND CORWIN,_TOTAL_SALARY_
93,"Mass. Bay Associates, Inc.",_total_salary_,2005,2005-06-30,91566.0,Lobbyist Entity,MASS BAY,_TOTAL_SALARY_
94,Ryan Associates,_total_salary_,2005,2005-12-31,63000.0,Lobbyist Entity,RYAN,_TOTAL_SALARY_
95,Durand & Anastas Environmental Strategies,_total_salary_,2005,2005-06-30,66000.0,Lobbyist Entity,DURAND AND ANASTAS ENVIRONMENTAL STRATEGIES,_TOTAL_SALARY_
96,O'Brien and Associates,_total_salary_,2005,2005-12-31,24000.0,Lobbyist Entity,O BRIEN,_TOTAL_SALARY_
97,"Wren Enterprises, Inc.",_total_salary_,2005,2005-12-31,20000.0,Lobbyist Entity,WREN ENTERPRISES,_TOTAL_SALARY_
98,"Kearney, Donovan & McGee, P.C.",_total_salary_,2005,2005-06-30,123460.02000000002,Lobbyist Entity,KEARNEY DONOVAN AND MCGEE P C,_TOTAL_SALARY_
99,"William F. Coyne, Jr., Esq. P.C.",_total_salary_,2005,2005-12-31,128800.0,Lobbyist Entity,WILLIAM F COYNE JR ESQ P C,_TOTAL_SALARY_
