,entity_name,client_name,year,general_court,chamber,bill_number,bill_title,position,amount
0,"21c, LLC","Amplify Education, Inc.",2024,192,House Bill,2,"An Act making appropriations for the Fiscal Year 2025 for the maintenance of the departments, boards, commissions, institutions, and certain activities of the Commonwealth, for interest, sinking fund, and serial bond requirements, and for certain permanent improvements",Support,0.0
1,"21c, LLC","Amplify Education, Inc.",2024,192,Executive,Executive Office of Education (EDU),Regarding matters of interest to Amplify and its ability to assist students and educators in the state.,Support,0.0
2,"21c, LLC","Amplify Education, Inc.",2024,192,House Bill,579,An Act to promote high-quality comprehensive literacy instruction in all Massachusetts schools,Neutral,0.0
3,"21c, LLC","Amplify Education, Inc.",2024,192,Executive,Massachusetts Department of Elementary and Secondary Education,Regarding matters of interest to Amplify and its ability to assist students and educators in the state.,Support,0.0
4,"21c, LLC",Benjamin Franklin Cummings Institute of Technology,2024,192,Executive,Lieutenant Governors Office,To assist the College in its efforts to develop relationships with state government and to represent the school's interests including identifying and securing funding opportunities.,Support,0.0
5,"21c, LLC",Benjamin Franklin Cummings Institute of Technology,2024,192,Executive,Executive Office of Education (EDU),To assist the College in its efforts to develop relationships with state government and to represent the school's interests including identifying and securing funding opportunities.,Support,0.0
6,"21c, LLC",Benjamin Franklin Cummings Institute of Technology,2024,192,House Bill,2,"An Act making appropriations for the Fiscal Year 2025 for the maintenance of the departments, boards, commissions, institutions, and certain activities of the Commonwealth, for interest, sinking fund, and serial bond requirements, and for certain permanent improvements",Support,0.0
7,"21c, LLC",Benjamin Franklin Cummings Institute of Technology,2024,192,Executive,Other,MA Department of Higher Education in representing the school's interests including identifying and securing funding opportunities.,Support,0.0
8,"21c, LLC",Benjamin Franklin Cummings Institute of Technology,2024,192,Executive,Executive Office of Housing and Economic Development (EOHED)(Executive Office of Health and Human Services),To assist the College in its efforts to develop relationships with state government and to represent the school's interests including identifying and securing funding opportunities.,Support,0.0
9,"21c, LLC",Benjamin Franklin Cummings Institute of Technology,2024,192,Executive,Office of the Governor,To assist the College in its efforts to develop relationships with state government and to represent the school's interests including identifying and securing funding opportunities.,Support,0.0
10,"21c, LLC","EDUCATION TRUST, INC. (THE)",2024,192,Executive,Lieutenant Governors Office,Efforts to address the Commonwealth's education equity gaps.,Support,0.0
11,"21c, LLC","EDUCATION TRUST, INC. (THE)",2024,192,Executive,Office of the Governor,Efforts to address the Commonwealth's education equity gaps.,Support,0.0
12,"21c, LLC","EDUCATION TRUST, INC. (THE)",2024,192,House Bill,2,"An Act making appropriations for the Fiscal Year 2025 for the maintenance of the departments, boards, commissions, institutions, and certain activities of the Commonwealth, for interest, sinking fund, and serial bond requirements, and for certain permanent improvements",Support,0.0
13,"21c, LLC","EDUCATION TRUST, INC. (THE)",2024,192,Executive,Other,Massachusetts Department of Higher Education regarding efforts to address the Commonwealth's education equity gaps.,Support,0.0
14,"21c, LLC","EDUCATION TRUST, INC. (THE)",2024,192,Executive,Executive Office of Education (EDU),Efforts to address the Commonwealth's education equity gaps.,Support,0.0
15,"21c, LLC","EDUCATION TRUST, INC. (THE)",2024,192,Executive,Massachusetts Department of Elementary and Secondary Education,Efforts to address the Commonwealth's education equity gaps.,Support,0.0
16,"21c, LLC","The Massachusetts Alliance for Early College, Inc.",2024,192,House Bill,2,"An Act making appropriations for the Fiscal Year 2025 for the maintenance of the departments, boards, commissions, institutions, and certain activities of the Commonwealth, for interest, sinking fund, and serial bond requirements, and for certain permanent improvements",Support,0.0
17,"21c, LLC","The Massachusetts Alliance for Early College, Inc.",2024,192,House Bill,1286,An Act relative to college in high school,Support,0.0
18,"21c, LLC","The Massachusetts Alliance for Early College, Inc.",2024,192,Executive,Lieutenant Governors Office,Efforts to grow and expand the Commonwealth's early college/college-in-high-school programs.,Support,0.0
19,"21c, LLC","The Massachusetts Alliance for Early College, Inc.",2024,192,Executive,Massachusetts Department of Elementary and Secondary Education,Efforts to grow and expand the Commonwealth's early college/college-in-high-school programs.,Support,0.0
20,"21c, LLC","The Massachusetts Alliance for Early College, Inc.",2024,192,Executive,Office of the Governor,Efforts to grow and expand the Commonwealth's early college/college-in-high-school programs.,Support,0.0
21,"21c, LLC","The Massachusetts Alliance for Early College, Inc.",2024,192,Executive,Other,MA Department of Higher Education regarding efforts to grow and expand the Commonwealth's early college/college-in-high-school programs.,Support,0.0
28,"21c, LLC","The Massachusetts Alliance for Early College, Inc.",2024,192,Executive,Executive Office of Education (EDU),Efforts to grow and expand the Commonwealth's early college/college-in-high-school programs.,Support,0.0
44,"21c, LLC","Artists For Humanity, Inc.",2024,192,Executive,Lieutenant Governors Office,To assist Artists for Humanity in its efforts to develop relationships with state government and to represent the organization's interests including identifying and securing funding opportunities.,Support,0.0
45,"21c, LLC","Artists For Humanity, Inc.",2024,192,Executive,Massachusetts Office of Travel and Tourism (MOTT) (Executive Office of Health and Human Services),To assist Artists for Humanity in its efforts to develop relationships with state government and to represent the organization's interests including identifying and securing funding opportunities.,Support,0.0
46,"21c, LLC","Artists For Humanity, Inc.",2024,192,Executive,Executive Office of Housing and Economic Development (EOHED)(Executive Office of Health and Human Services),To assist Artists for Humanity in its efforts to develop relationships with state government and to represent the organization's interests including identifying and securing funding opportunities.,Support,0.0
47,"21c, LLC","Artists For Humanity, Inc.",2024,192,Executive,Office of the Governor,To assist Artists for Humanity in its efforts to develop relationships with state government and to represent the organization's interests including identifying and securing funding opportunities.,Support,0.0
48,"21c, LLC","Artists For Humanity, Inc.",2024,192,Executive,Massachusetts Cultural Council (MCC),To assist Artists for Humanity in its efforts to develop relationships with state government and to represent the organization's interests including identifying and securing funding opportunities.,Support,0.0
49,"27 South Strategies, LLC",Boston Center for Independent Living INC,2024,192,Senate Bill,1553,An Act building a more accessible Massachusetts,Support,0.0
50,"27 South Strategies, LLC",Boston Center for Independent Living INC,2024,192,House Bill,4707,An Act relative to the Affordable Homes Act,Neutral,0.0
51,"27 South Strategies, LLC",Boston Center for Independent Living INC,2024,192,House Bill,2291,An Act expanding the availability of adaptable housing for people with disabilities and seniors,Support,0.0
52,"27 South Strategies, LLC",Boston Center for Independent Living INC,2024,192,Senate Bill,2834,An Act relative to the Affordable Homes Act,Neutral,0.0
53,"27 South Strategies, LLC","Veterinary Emergency Group, LLC",2024,192,Senate Bill,207,An Act regulating the practice and licensure of veterinary technicians,Support,0.0
54,"27 South Strategies, LLC","Veterinary Emergency Group, LLC",2024,192,House Bill,4789,An Act relative to strengthening Massachusetts’ economic leadership,Neutral,0.0
55,"27 South Strategies, LLC","Veterinary Emergency Group, LLC",2024,192,House Bill,332,An Act regulating the practice and licensure of veterinary technicians,Support,0.0
56,"27 South Strategies, LLC","The Massachusetts International Festival of the Arts, Inc.",2024,192,Executive,Executive Office for Administration and Finance (ANF),Meetings and discussions regarding project funding in Administration’s capital spending plan.,Support,0.0
57,"27 South Strategies, LLC",Thrive Scholars,2024,192,Senate Bill,3,"An Act making appropriations for the fiscal year 2024 for the maintenance of the departments, boards, commissions, institutions, and certain activities of the Commonwealth, for interest, sinking fund, and serial bond requirements, and for certain permanent improvements",Neutral,0.0
58,"27 South Strategies, LLC",Thrive Scholars,2024,192,House Bill,3900,"An Act making appropriations for the fiscal year 2024 for the maintenance of the departments, boards, commissions, institutions, and certain activities of the Commonwealth, for interest, sinking fund, and serial bond requirements, and for certain permanent improvements",Neutral,0.0
59,"27 South Strategies, LLC","Guardian Community Trust, Inc.",2024,192,House Bill,1202,An Act to preserve special needs trusts for disabled seniors,Support,0.0
60,"27 South Strategies, LLC","Gobrands, Inc",2024,192,House Bill,4257,"An Act establishing that app-based drivers are not employees, and network companies are not employers, for certain purposes of the General Laws",Neutral,0.0
68,"27 South Strategies, LLC","Guardian Community Trust, Inc.",2024,192,House Bill,5033,An Act to improve quality and oversight of long-term care,Neutral,0.0
71,Anthony Arthur Abdelahad,"Massachusetts Association of Vocational Administrators, Inc.",2024,192,House Bill,2337,An Act relative to the use of hoisting equipment in Chapter 74 vocational technical education,Support,0.0
72,Anthony Arthur Abdelahad,"Massachusetts Association of Vocational Administrators, Inc.",2024,192,Executive,Office of the Governor,"Discussions regarding vocational school expansion, access, and admissions policies",Neutral,0.0
73,Anthony Arthur Abdelahad,"Massachusetts Association of Vocational Administrators, Inc.",2024,192,Executive,Massachusetts Department of Elementary and Secondary Education,"Discussions regarding vocational school expansion, access, and admissions policies",Neutral,0.0
74,Anthony Arthur Abdelahad,"Massachusetts Association of Vocational Administrators, Inc.",2024,192,House Bill,5100,An Act relative to strengthening Massachusetts' economic leadership,Support,0.0
75,Anthony Arthur Abdelahad,"Massachusetts Association of Vocational Administrators, Inc.",2024,192,Senate Bill,2856,An Act relative to strengthening Massachusetts’ economic leadership,Support,0.0
76,Anthony Arthur Abdelahad,"Massachusetts Association of Vocational Administrators, Inc.",2024,192,House Bill,257,An Act to end discriminatory outcomes in vocational school admissions.,Oppose,0.0
77,Anthony Arthur Abdelahad,"Massachusetts Association of Vocational Administrators, Inc.",2024,192,Executive,Executive Office of Education (EDU),"Discussions regarding vocational school expansion, access, and admissions policies",Neutral,0.0
78,Anthony Arthur Abdelahad,"Massachusetts Association of Insurance Agents, Inc.",2024,192,Executive,Other,Massachusetts Registry of Motor Vehicles: Discussions regarding electronic signature and titling,Neutral,0.0
79,Anthony Arthur Abdelahad,"Massachusetts Association of Insurance Agents, Inc.",2024,192,House Bill,4772,An Act to modernize the Massachusetts insurer’s insolvency fund,Support,0.0
80,Anthony Arthur Abdelahad,"Massachusetts Association of Insurance Agents, Inc.",2024,192,House Bill,5100,An Act relative to strengthening Massachusetts' economic leadership,Support,0.0
81,Anthony Arthur Abdelahad,"Massachusetts Association of Insurance Agents, Inc.",2024,192,House Bill,4307,An Act relative to insurance claims,Support,0.0
82,Anthony Arthur Abdelahad,"Massachusetts Association of Insurance Agents, Inc.",2024,192,Senate Bill,2856,An Act relative to strengthening Massachusetts’ economic leadership,Support,0.0
83,Anthony Arthur Abdelahad,"Massachusetts Association of Insurance Agents, Inc.",2024,192,House Bill,5111,An Act relative to motor vehicle insurance,Support,0.0
84,Anthony Arthur Abdelahad,Massachusetts Municipal Wholesale Electric Company,2024,192,Executive,Other,Massachusetts Department of Energy Resources: 225. CMR 27.00: Building Energy Reporting,Neutral,0.0
85,Anthony Arthur Abdelahad,Massachusetts Municipal Wholesale Electric Company,2024,192,Senate Bill,2838,An Act upgrading the grid and protecting ratepayers,Neutral,0.0
86,Anthony Arthur Abdelahad,Massachusetts Municipal Wholesale Electric Company,2024,192,Senate Bill,2967,"An Act promoting a clean energy grid, advancing equity and protecting ratepayers",Neutral,0.0
87,Anthony Arthur Abdelahad,Massachusetts Municipal Wholesale Electric Company,2024,192,Executive,Executive Office of Energy and Environmental Affairs (EEA),Discussion regarding building decarbonization clearinghouse straw proposal,Oppose,0.0
88,Anthony Arthur Abdelahad,Massachusetts Municipal Wholesale Electric Company,2024,192,House Bill,4876,"An Act accelerating a responsible, innovative and equitable clean energy transition",Neutral,0.0
89,Anthony Arthur Abdelahad,Massachusetts Municipal Wholesale Electric Company,2024,192,Executive,Massachusetts Department of Environmental Protection (DEP) (Executive Office of Energy and Environmental Affairs),Discussion regarding Clean Heat Standard straw proposal,Oppose,0.0
91,Anthony Arthur Abdelahad,Construction Industries of Massachusetts Massachusetts Aggregate and Asphalt Pavement Division,2024,192,Executive,Massachusetts Department of Transportation (MassDOT),Discussions regarding recycled materials in MassDOT asphalt specifications,Support,0.0
93,Anthony Arthur Abdelahad,Construction Industries of Massachusetts Massachusetts Aggregate and Asphalt Pavement Division,2024,192,Executive,Massachusetts Department of Environmental Protection (DEP) (Executive Office of Energy and Environmental Affairs),310 CMR 7.40: Low Emission Vehicle Program,Oppose,0.0
94,Anthony Arthur Abdelahad,Construction Industries of Massachusetts Massachusetts Aggregate and Asphalt Pavement Division,2024,192,House Bill,3876,An Act restricting the weight of motor vehicles along Ledge Road in the town of Chelmsford,Oppose,0.0
95,Anthony Arthur Abdelahad,"Peckham Industries, Inc.",2024,192,Executive,Massachusetts Department of Environmental Protection (DEP) (Executive Office of Energy and Environmental Affairs),310 CMR 7.40 Low Emission Vehicle Program,Oppose,0.0
96,Anthony Arthur Abdelahad,"Peckham Industries, Inc.",2024,192,House Bill,3876,An Act restricting the weight of motor vehicles along Ledge Road in the town of Chelmsford,Oppose,0.0
97,Anthony Arthur Abdelahad,"Peckham Industries, Inc.",2024,192,Executive,Massachusetts Department of Transportation (MassDOT),Discussions regarding recycled materials in MassDOT asphalt specifications,Support,0.0
99,Anthony Arthur Abdelahad,Massachusetts Alliance of Boys & Girls Clubs,2024,192,Executive,Other,Massachusetts Poverty Commission: Testimony in support of afterschool programs,Support,0.0
101,Anthony Arthur Abdelahad,Massachusetts Alliance of Boys & Girls Clubs,2024,192,House Bill,5049,An Act making appropriations for the fiscal year 2024 to provide for supplementing certain existing appropriations and for certain other activities and projects,Support,0.0
102,Anthony Arthur Abdelahad,Massachusetts Alliance of Boys & Girls Clubs,2024,192,Senate Bill,1038,An Act eliminating the statute of limitation in civil child sexual abuse cases,Neutral,0.0
103,Anthony Arthur Abdelahad,Massachusetts Alliance of Boys & Girls Clubs,2024,192,House Bill,4800,"An Act making appropriations for the fiscal year 2025 for the maintenance of the departments, boards, commissions, institutions, and certain activities of the commonwealth, for interest, sinking fund, and serial bond requirements, and for certain permanent improvements",Support,0.0
104,Anthony Arthur Abdelahad,"Massachusetts Urgent Care Association, Inc",2024,192,House Bill,4653,An Act enhancing the market review process,Oppose,0.0
105,Anthony Arthur Abdelahad,"Massachusetts Urgent Care Association, Inc",2024,192,Senate Bill,2871,An Act enhancing the health care market review process,Oppose,0.0
106,Anthony Arthur Abdelahad,"Massachusetts Urgent Care Association, Inc",2024,192,Executive,Department of Public Health (DPH),Discussion regarding MassHealth out of network coverage bulletin,Support,0.0
107,Anthony Arthur Abdelahad,"The Massachusetts Propane Association,Inc",2024,192,Executive,Office of the Governor,Discussion regarding the Clean Heat Standard straw proposal,Oppose,0.0
108,Anthony Arthur Abdelahad,"The Massachusetts Propane Association,Inc",2024,192,Executive,Other,21st Century Agriculture Commission: Testimony regarding the Clean Heat Standard,Oppose,0.0
109,Anthony Arthur Abdelahad,"The Massachusetts Propane Association,Inc",2024,192,Executive,Department of Environmental Protection (DEP),310 CMR 7.40: Low Emission Vehicle Program,Oppose,0.0
111,Anthony Arthur Abdelahad,"Community Music School of Springfield, Inc.",2024,192,House Bill,4800,"An Act making appropriations for the fiscal year 2025 for the maintenance of the departments, boards, commissions, institutions, and certain activities of the commonwealth, for interest, sinking fund, and serial bond requirements, and for certain permanent improvements",Support,0.0
112,Anthony Arthur Abdelahad,"USA Hauling & Recycling, Inc.",2024,192,Senate Bill,2829,An Act upgrading the grid and protecting ratepayers,Oppose,0.0
113,Anthony Arthur Abdelahad,"USA Hauling & Recycling, Inc.",2024,192,Senate Bill,2833,An Act to reduce plastics,Oppose,0.0
114,Anthony Arthur Abdelahad,"Lindy Farms of Connecticut, LLC",2024,192,House Bill,4800,"An Act making appropriations for the fiscal year 2025 for the maintenance of the departments, boards, commissions, institutions, and certain activities of the commonwealth, for interest, sinking fund, and serial bond requirements, and for certain permanent improvements",Support,0.0
115,Anthony Arthur Abdelahad,"Lindy Farms of Connecticut, LLC",2024,192,Executive,Executive Office for Administration and Finance (ANF),Discussions regarding Race Horse Development Fund,Support,0.0
135,Anthony Arthur Abdelahad,Massachusetts Municipal Wholesale Electric Company,2024,192,Executive,Department of Environmental Protection (DEP),Discussions regarding Clean Heat Standard straw proposal,Oppose,0.0
139,Anthony Arthur Abdelahad,Construction Industries of Massachusetts Massachusetts Aggregate and Asphalt Pavement Division,2024,192,Executive,Department of Environmental Protection (DEP),310 CMR 7.40 Low Emission Vehicle Program,Oppose,0.0
141,Anthony Arthur Abdelahad,"Peckham Industries, Inc.",2024,192,Executive,Department of Environmental Protection (DEP),310 CMR 7.40 Low Emission Vehicle Program,Oppose,0.0
202,Anthony Arthur Abdelahad,"The Massachusetts Propane Association,Inc",2024,192,Executive,Massachusetts Department of Environmental Protection (DEP) (Executive Office of Energy and Environmental Affairs),310 CMR 7.40: Low Emission Vehicle program,Oppose,0.0
206,Anthony Arthur Abdelahad,"Massachusetts Urgent Care Association, Inc",2024,192,House Bill,1219,An Act enhancing the market review process,Oppose,0.0
209,Anthony Arthur Abdelahad,"Massachusetts Association of Insurance Agents, Inc.",2024,192,Senate Bill,606,An Act relative to the compulsory automobile insurance limits,Support,0.0
210,Anthony Arthur Abdelahad,"Massachusetts Association of Insurance Agents, Inc.",2024,192,House Bill,1077,An Act relative to insurance company rebates,Oppose,0.0
211,Anthony Arthur Abdelahad,"Massachusetts Association of Insurance Agents, Inc.",2024,192,House Bill,1006,An Act relative to the compulsory automobile insurance limits,Support,0.0
212,Anthony Arthur Abdelahad,"Massachusetts Association of Insurance Agents, Inc.",2024,192,Senate Bill,2790,An Act relative to the compulsory automobile insurance limits,Support,0.0
214,Anthony Arthur Abdelahad,"Massachusetts Association of Insurance Agents, Inc.",2024,192,Executive,Attorney General's Office (AGO),Testimony on proposed Junk Fees Regulations (940 CMR 38.00),Oppose,0.0
215,Anthony Arthur Abdelahad,"Massachusetts Association of Insurance Agents, Inc.",2024,192,House Bill,962,An Act to modernize the Massachusetts insurer's insolvency fund,Support,0.0
216,Anthony Arthur Abdelahad,"Massachusetts Association of Insurance Agents, Inc.",2024,192,Senate Bill,2536,An Act further regulating the priority of claims of cities or towns for payment of municipal liens,Support,0.0
218,Anthony Arthur Abdelahad,"USA Hauling & Recycling, Inc.",2024,192,Senate Bill,570,An Act to reduce plastics,Oppose,0.0
219,Anthony Arthur Abdelahad,"USA Hauling & Recycling, Inc.",2024,192,House Bill,779,An Act to save recycling costs in the commonwealth,Oppose,0.0
220,Anthony Arthur Abdelahad,"AMERICAN MEDICAL RESPONSE OF MASSACHUSETTS, INC.",2024,192,Executive,Department of Public Health (DPH),Discussions related to Emergency Medical Technician certification process,Neutral,0.0
221,Anthony Arthur Abdelahad,"AMERICAN MEDICAL RESPONSE OF MASSACHUSETTS, INC.",2024,192,House Bill,4600,An Act making appropriations for fiscal year 2025,Support,0.0
222,Anthony Arthur Abdelahad,"Massachusetts Association of Vocational Administrators, Inc.",2024,192,House Bill,538,"An Act to Improve access, opportunity, and capacity in Massachusetts vocational-technical education",Support,0.0
224,Anthony Arthur Abdelahad,"Massachusetts Association of Vocational Administrators, Inc.",2024,192,Senate Bill,1689,An Act relative to non-Commonwealth entities within the state employees' retirement system,Support,0.0
225,Anthony Arthur Abdelahad,"Massachusetts Association of Vocational Administrators, Inc.",2024,192,Senate Bill,309,An Act establishing a special commission to review the adequacy and equity of the Massachusetts school building program,Support,0.0
226,Anthony Arthur Abdelahad,"Massachusetts Association of Vocational Administrators, Inc.",2024,192,Executive,Attorney General's Office (AGO),Discussions related to admissions practices in Massachusetts vocational technical high schools,Neutral,0.0
227,Anthony Arthur Abdelahad,"Massachusetts Association of Vocational Administrators, Inc.",2024,192,Senate Bill,1171,An Act relative to compliance with the prevailing wage laws of the Commonwealth,Neutral,0.0
228,Anthony Arthur Abdelahad,"Massachusetts Association of Vocational Administrators, Inc.",2024,192,Senate Bill,274,"An Act to improve access, opportunity, and capacity in Massachusetts vocational-technical education",Support,0.0
231,Anthony Arthur Abdelahad,"Massachusetts Association of Vocational Administrators, Inc.",2024,192,Senate Bill,4,An Act making appropriations for fiscal year 2025,Neutral,0.0
233,Anthony Arthur Abdelahad,"Massachusetts Association of Vocational Administrators, Inc.",2024,192,House Bill,4387,An Act strengthening the Commonwealth's farms and food systems,Support,0.0
234,Anthony Arthur Abdelahad,Western New England University,2024,192,Executive,Executive Office of Education (EDU),Discussions regarding the expansion of MASSGrant program to private colleges and universities,Support,0.0
236,Anthony Arthur Abdelahad,"Lindy Farms of Connecticut, LLC",2024,192,Senate Bill,4,An Act making appropriations for fiscal year 2025,Oppose,0.0
237,Anthony Arthur Abdelahad,"Lindy Farms of Connecticut, LLC",2024,192,House Bill,2,An Act making appropriations for fiscal year 2025,Oppose,0.0
238,Anthony Arthur Abdelahad,Massachusetts Municipal Wholesale Electric Company,2024,192,Senate Bill,2829,An Act upgrading the grid and protecting ratepayers,Support,0.0
239,Anthony Arthur Abdelahad,"Peckham Industries, Inc.",2024,192,Senate Bill,2559,An Act relative to crumbling concrete foundations,Neutral,0.0
240,Anthony Arthur Abdelahad,"Peckham Industries, Inc.",2024,192,House Bill,3706,An Act relative to commercial traffic on a certain road in Chelmsford,Oppose,0.0
241,Anthony Arthur Abdelahad,"Peckham Industries, Inc.",2024,192,Senate Bill,1705,An Act relative to the timely and consistent payment of law enforcement personnel,Support,0.0
242,Anthony Arthur Abdelahad,"Peckham Industries, Inc.",2024,192,House Bill,3001,An Act relative to the timely and consistent payment of law enforcement personnel,Support,0.0
243,Anthony Arthur Abdelahad,"Peckham Industries, Inc.",2024,192,Senate Bill,1972,An Act relative to the timely and consistent payment of law enforcement personnel,Support,0.0
244,Anthony Arthur Abdelahad,"Peckham Industries, Inc.",2024,192,House Bill,52,An Act financing improvements to municipal roads and bridges,Support,0.0
245,Anthony Arthur Abdelahad,"Peckham Industries, Inc.",2024,192,House Bill,4529,An Act financing improvements to municipal roads and bridges,Support,0.0
246,Anthony Arthur Abdelahad,"Peckham Industries, Inc.",2024,192,House Bill,4283,An Act financing improvements to municipal roads and bridges,Support,0.0
247,Anthony Arthur Abdelahad,"Peckham Industries, Inc.",2024,192,House Bill,3546,An Act financing improvements to municipal roads and bridges,Support,0.0
248,Anthony Arthur Abdelahad,"Peckham Industries, Inc.",2024,192,House Bill,3547,An Act financing improvements to municipal roads and bridges,Support,0.0
249,Anthony Arthur Abdelahad,"Peckham Industries, Inc.",2024,192,House Bill,3270,An Act relative to unpaved roads,Support,0.0
250,Anthony Arthur Abdelahad,"Peckham Industries, Inc.",2024,192,Senate Bill,2274,An Act relative to life cycle costs for long term pavement solutions,Oppose,0.0
252,Anthony Arthur Abdelahad,"Community Music School of Springfield, Inc.",2024,192,House Bill,4600,An Act making appropriations for fiscal year 2025,Support,0.0
253,Anthony Arthur Abdelahad,"Community Music School of Springfield, Inc.",2024,192,Senate Bill,4,An Act making appropriations for fiscal year 2025,Support,0.0
254,Anthony Arthur Abdelahad,Construction Industries of Massachusetts Massachusetts Aggregate and Asphalt Pavement Division,2024,192,Senate Bill,2274,An Act relative to life cycle costs for long term pavement solutions,Oppose,0.0
255,Anthony Arthur Abdelahad,Construction Industries of Massachusetts Massachusetts Aggregate and Asphalt Pavement Division,2024,192,House Bill,3001,An Act relative to the timely and consistent payment of law enforcement personnel,Support,0.0
256,Anthony Arthur Abdelahad,Construction Industries of Massachusetts Massachusetts Aggregate and Asphalt Pavement Division,2024,192,House Bill,3546,An Act financing improvements to municipal roads and bridges,Support,0.0
257,Anthony Arthur Abdelahad,Construction Industries of Massachusetts Massachusetts Aggregate and Asphalt Pavement Division,2024,192,Senate Bill,1705,An Act relative to the timely and consistent payment of law enforcement personnel,Support,0.0
258,Anthony Arthur Abdelahad,Construction Industries of Massachusetts Massachusetts Aggregate and Asphalt Pavement Division,2024,192,Senate Bill,1972,An Act relative to the timely and consistent payment of law enforcement personnel,Support,0.0
259,Anthony Arthur Abdelahad,Construction Industries of Massachusetts Massachusetts Aggregate and Asphalt Pavement Division,2024,192,Senate Bill,2559,An Act relative to crumbling concrete foundations,Neutral,0.0
260,Anthony Arthur Abdelahad,Construction Industries of Massachusetts Massachusetts Aggregate and Asphalt Pavement Division,2024,192,House Bill,3706,An Act relative to commercial traffic on a certain road in Chelmsford,Oppose,0.0
261,Anthony Arthur Abdelahad,Construction Industries of Massachusetts Massachusetts Aggregate and Asphalt Pavement Division,2024,192,House Bill,4529,An Act financing improvements to municipal roads and bridges,Support,0.0
263,Anthony Arthur Abdelahad,Construction Industries of Massachusetts Massachusetts Aggregate and Asphalt Pavement Division,2024,192,House Bill,3270,An Act relative to unpaved roads,Support,0.0
264,Anthony Arthur Abdelahad,Construction Industries of Massachusetts Massachusetts Aggregate and Asphalt Pavement Division,2024,192,House Bill,4283,An Act financing improvements to municipal roads and bridges,Support,0.0
265,Anthony Arthur Abdelahad,Construction Industries of Massachusetts Massachusetts Aggregate and Asphalt Pavement Division,2024,192,House Bill,52,An Act financing improvements to municipal roads and bridges,Support,0.0
266,Anthony Arthur Abdelahad,Construction Industries of Massachusetts Massachusetts Aggregate and Asphalt Pavement Division,2024,192,House Bill,3547,An Act financing improvements to municipal roads and bridges,Support,0.0
269,Anthony Arthur Abdelahad,Massachusetts Alliance of Boys & Girls Clubs,2024,192,House Bill,4600,An Act making appropriations for fiscal year 2025,Support,0.0
270,Anthony Arthur Abdelahad,Massachusetts Alliance of Boys & Girls Clubs,2024,192,Senate Bill,4,An Act making appropriations for fiscal year 2025,Support,0.0
271,Anthony Arthur Abdelahad,Massachusetts Alliance of Boys & Girls Clubs,2024,192,Senate Bill,2697,"An Act ensuring affordability, readiness and learning for our youth and driving economic development",Support,0.0
272,Anthony Arthur Abdelahad,"The Massachusetts Propane Association,Inc",2024,192,Senate Bill,2829,An Act upgrading the grid and protecting ratepayers,Oppose,0.0
273,Anthony Arthur Abdelahad,"The Massachusetts Propane Association,Inc",2024,192,Executive,Executive Office of Energy and Environmental Affairs (EEA),Discussions related to the propoed Clean Heat Standard framework,Oppose,0.0
478,Paul G. Afonso,"ChargePoint, Inc.",2024,192,House Bill,4503,An Act relative to clean energy generation,Neutral,0.0
479,Paul G. Afonso,"ChargePoint, Inc.",2024,192,House Bill,3859,An Act relative to fuel standards,Neutral,0.0
480,Paul G. Afonso,"ChargePoint, Inc.",2024,192,Senate Bill,2286,An Act relative to a clean fuel standard,Neutral,0.0
481,Paul G. Afonso,"ChargePoint, Inc.",2024,192,House Bill,4623,An Act relative to sales tax exemptions for electric vehicles,Neutral,0.0
482,Paul G. Afonso,"ChargePoint, Inc.",2024,192,House Bill,5100,An Act relative to strengthening Massachusetts’ economic leadership,Neutral,0.0
483,Paul G. Afonso,"ChargePoint, Inc.",2024,192,House Bill,3992,An Act to expand customer access to a modern grid,Neutral,0.0
484,Paul G. Afonso,"ChargePoint, Inc.",2024,192,Senate Bill,2531,An Act advancing grid enhancement technologies,Neutral,0.0
485,Paul G. Afonso,"ChargePoint, Inc.",2024,192,House Bill,4876,"An Act accelerating a responsible, innovative and equitable clean energy transition",Neutral,0.0
486,Paul G. Afonso,"ChargePoint, Inc.",2024,192,House Bill,4222,An Act advancing grid enhancement technology,Neutral,0.0
487,Paul G. Afonso,"ChargePoint, Inc.",2024,192,Senate Bill,2967,"An Act promoting a clean energy grid, advancing equity and protecting ratepayers",Neutral,0.0
488,Paul G. Afonso,"ChargePoint, Inc.",2024,192,House Bill,1865,An Act relative to a just transition to clean energy,Neutral,0.0
489,Paul G. Afonso,"ChargePoint, Inc.",2024,192,Senate Bill,1180,An Act relative to clean energy workforce standards and accountability,Neutral,0.0
490,Paul G. Afonso,"ChargePoint, Inc.",2024,192,House Bill,4502,An Act to promote transportation electrification infrastructure,Neutral,0.0
491,Paul G. Afonso,"ChargePoint, Inc.",2024,192,House Bill,3187,"An Act relative to energy facilities siting improvement to address environmental justice, climate, and public health",Neutral,0.0
492,Paul G. Afonso,"ChargePoint, Inc.",2024,192,Senate Bill,1757,An Act exempting electric vehicle chargers from the sales tax,Neutral,0.0
493,Paul G. Afonso,"ChargePoint, Inc.",2024,192,House Bill,1303,An Act to ensure the right to install electric vehicle charging stations,Neutral,0.0
494,Paul G. Afonso,"ChargePoint, Inc.",2024,192,House Docket,2586,An Act to ensure the right of homeowners and renters to charge electric vehicles,Neutral,0.0
495,Paul G. Afonso,"ChargePoint, Inc.",2024,192,House Bill,1864,An Act relative to clean energy workforce standards and accountability,Neutral,0.0
496,Paul G. Afonso,"ChargePoint, Inc.",2024,192,Senate Bill,852,An Act relative to the installation of electric vehicle charging stations by condominium owners,Neutral,0.0
497,Paul G. Afonso,"ChargePoint, Inc.",2024,192,House Bill,3007,An Act requiring a prevailing wage for the construction of certain parking facilities to be capable of supporting electric vehicle charging stations,Neutral,0.0
498,Paul G. Afonso,"ChargePoint, Inc.",2024,192,Senate Bill,1230,An Act requiring the construction of certain parking facilities to be capable of supporting electric vehicle charging stations,Neutral,0.0
499,Paul G. Afonso,"ChargePoint, Inc.",2024,192,House Bill,3218,An Act to promote transportation electrification infrastructure,Neutral,0.0
500,Paul G. Afonso,"ChargePoint, Inc.",2024,192,Senate Bill,2144,An Act relative to building energy and decarbonization,Neutral,0.0
501,Paul G. Afonso,"ChargePoint, Inc.",2024,192,House Bill,3215,An Act to expedite permitting for electric decarbonization infrastructure projects,Neutral,0.0
502,Paul G. Afonso,"ChargePoint, Inc.",2024,192,Senate Bill,2140,An Act establishing off-peak charging rebates,Neutral,0.0
503,Paul G. Afonso,"ChargePoint, Inc.",2024,192,House Bill,3344,An Act relative to electric vehicle charging stations,Neutral,0.0
504,Paul G. Afonso,"ChargePoint, Inc.",2024,192,Senate Bill,2218,"An Act setting deadlines for school bus and public fleet electrification, and programs to encourage electrification of private fleets",Neutral,0.0
505,Paul G. Afonso,"Form Energy, Inc.",2024,192,House Bill,3187,"An Act relative to energy facilities siting improvement to address environmental justice, climate, and public health",Neutral,0.0
506,Paul G. Afonso,"Form Energy, Inc.",2024,192,Senate Bill,2168,An Act relative to energy storage procurement for 2030 and 2035,Neutral,0.0
507,Paul G. Afonso,"Form Energy, Inc.",2024,192,House Bill,4876,"An Act accelerating a responsible, innovative and equitable clean energy transition",Neutral,0.0
508,Paul G. Afonso,"Form Energy, Inc.",2024,192,House Bill,3205,An Act to promote solar energy development consistent with the commonwealth's 2050 next generation road map,Neutral,0.0
509,Paul G. Afonso,"Form Energy, Inc.",2024,192,Senate Bill,2170,An Act relative to green financing,Neutral,0.0
510,Paul G. Afonso,"Form Energy, Inc.",2024,192,House Bill,3216,An Act relative to clean energy generation,Neutral,0.0
511,Paul G. Afonso,"Form Energy, Inc.",2024,192,Senate Bill,2829,An Act upgrading the grid and protecting ratepayers,Neutral,0.0
512,Paul G. Afonso,"Form Energy, Inc.",2024,192,House Bill,4884,"An Act accelerating a responsible, innovative and equitable clean energy transition",Neutral,0.0
513,Paul G. Afonso,"Form Energy, Inc.",2024,192,House Bill,3215,An Act to expedite permitting for electric decarbonization infrastructure projects,Neutral,0.0
514,Paul G. Afonso,"Form Energy, Inc.",2024,192,Senate Bill,2531,An Act advancing grid enhancement technologies,Neutral,0.0
515,Paul G. Afonso,"Form Energy, Inc.",2024,192,House Bill,5100,An Act relative to strengthening Massachusetts’ economic leadership,Neutral,0.0
516,Paul G. Afonso,"Form Energy, Inc.",2024,192,House Bill,4459,An Act relative to strengthening Massachusetts' economic leadership,Neutral,0.0
517,Paul G. Afonso,"Form Energy, Inc.",2024,192,Senate Bill,2869,An Act relative to strengthening Massachusetts’ economic leadership,Neutral,0.0
518,Paul G. Afonso,"Form Energy, Inc.",2024,192,House Bill,3166,An Act increasing opportunities for clean peak energy storage,Neutral,0.0
519,Paul G. Afonso,"Form Energy, Inc.",2024,192,House Docket,1213,An Act relative to clean energy resources,Neutral,0.0
520,Paul G. Afonso,"Form Energy, Inc.",2024,192,House Bill,4503,An Act relative to clean energy generation,Neutral,0.0
521,Paul G. Afonso,"Form Energy, Inc.",2024,192,House Bill,3992,An Act to expand customer access to a modern grid,Neutral,0.0
522,Paul G. Afonso,"Form Energy, Inc.",2024,192,Senate Bill,2838,An Act upgrading the grid and protecting ratepayers,Neutral,0.0
523,Paul G. Afonso,"Form Energy, Inc.",2024,192,House Bill,4222,An Act advancing grid enhancement technology,Neutral,0.0
524,Paul G. Afonso,"Form Energy, Inc.",2024,192,Senate Bill,2856,An Act relative to strengthening Massachusetts’ economic leadership,Neutral,0.0
525,Paul G. Afonso,"Form Energy, Inc.",2024,192,House Bill,4501,An Act to expedite permitting for electric decarbonization infrastructure projects,Neutral,0.0
526,Paul G. Afonso,"Form Energy, Inc.",2024,192,Senate Bill,2967,"An Act promoting a clean energy grid, advancing equity and protecting ratepayers",Neutral,0.0
527,Paul G. Afonso,"Form Energy, Inc.",2024,192,House Bill,4789,An Act relative to strengthening Massachusetts’ economic leadership,Neutral,0.0
528,Paul G. Afonso,"Form Energy, Inc.",2024,192,House Bill,4722,An Act relative to strengthening Massachusetts' economic leadership,Neutral,0.0
529,Paul G. Afonso,"Form Energy, Inc.",2024,192,House Bill,4804,An Act relative to strengthening Massachusetts’ economic leadership,Neutral,0.0
530,Paul G. Afonso,Applied Materials Inc.,2024,192,Senate Bill,2053,An Act establishing a moratorium on the procurement of structures or activities generating PFAS emissions,Neutral,0.0
531,Paul G. Afonso,Applied Materials Inc.,2024,192,House Bill,4459,An Act relative to strengthening Massachusetts' economic leadership,Neutral,0.0
532,Paul G. Afonso,Applied Materials Inc.,2024,192,House Bill,5100,An Act relative to strengthening Massachusetts’ economic leadership,Neutral,0.0
533,Paul G. Afonso,Applied Materials Inc.,2024,192,House Bill,4486,An Act to protect Massachusetts public health from PFAS,Neutral,0.0
534,Paul G. Afonso,Applied Materials Inc.,2024,192,Senate Bill,1356,An Act to protect Massachusetts public health from PFAS,Neutral,0.0
535,Paul G. Afonso,Applied Materials Inc.,2024,192,Senate Bill,2026,An Act to promote American manufacturing,Neutral,0.0
536,Paul G. Afonso,Applied Materials Inc.,2024,192,House Bill,51,"An Act financing the immediate economic revitalization, community development, and housing needs of the Commonwealth",Neutral,0.0
537,Paul G. Afonso,Applied Materials Inc.,2024,192,House Bill,3108,An Act to promote American manufacturing,Neutral,0.0
538,Paul G. Afonso,Applied Materials Inc.,2024,192,House Bill,2197,An Act to protect Massachusetts public health from PFAS,Neutral,0.0
539,Paul G. Afonso,Applied Materials Inc.,2024,192,House Bill,3113,An Act to promote American manufacturing,Neutral,0.0
540,Paul G. Afonso,PPL Services Corporation,2024,192,House Bill,755,An Act reforming energy system planning for equity and climate transformation,Neutral,0.0
541,Paul G. Afonso,PPL Services Corporation,2024,192,House Bill,1865,An Act relative to a just transition to clean energy,Neutral,0.0
542,Paul G. Afonso,PPL Services Corporation,2024,192,Senate Bill,2181,An Act relative to electricity reliability and capacity,Neutral,0.0
543,Paul G. Afonso,PPL Services Corporation,2024,192,House Bill,3161,An Act strengthening Massachusetts as the national leader in offshore wind,Neutral,0.0
544,Paul G. Afonso,PPL Services Corporation,2024,192,Senate Bill,2081,An Act establishing a Climate Policy Commission,Neutral,0.0
545,Paul G. Afonso,PPL Services Corporation,2024,192,House Bill,3231,"An Act investing in a prosperous, clean Commonwealth by 2030",Neutral,0.0
546,Paul G. Afonso,PPL Services Corporation,2024,192,Executive,Executive Office of Energy and Environmental Affairs (EEA),Monitored and discussed topics related to offshore wind and transmission developments,Neutral,0.0
547,Paul G. Afonso,PPL Services Corporation,2024,192,House Bill,3238,An Act to put a moratorium on new gas system expansion,Neutral,0.0
548,Paul G. Afonso,PPL Services Corporation,2024,192,House Bill,3159,An Act relative to electric utility climate resilience and microgrids,Neutral,0.0
550,Paul G. Afonso,PPL Services Corporation,2024,192,House Bill,3218,An Act to promote transportation electrification infrastructure,Neutral,0.0
551,Paul G. Afonso,PPL Services Corporation,2024,192,House Bill,3693,An Act achieving a green future with infrastructure and workforce investments,Neutral,0.0
552,Paul G. Afonso,PPL Services Corporation,2024,192,House Bill,3216,An Act relative to clean energy generation,Neutral,0.0
554,Paul G. Afonso,PPL Services Corporation,2024,192,Senate Bill,2121,An Act investing in a prosperous clean commonwealth by 2030,Neutral,0.0
555,Paul G. Afonso,PPL Services Corporation,2024,192,Senate Bill,2105,An Act relative to the future of clean heat in the Commonwealth,Neutral,0.0
556,Paul G. Afonso,PPL Services Corporation,2024,192,House Bill,3237,An Act to establishing a moratorium on new gas system expansion,Neutral,0.0
557,Paul G. Afonso,GardaWorld Federal Services LLC,2024,192,Executive,Executive Office of Elder Affairs (EOEA) (Executive Office of Health and Human Services),Discussion related to emergency assistance shelters in Massachusetts,Neutral,0.0
558,Paul G. Afonso,GardaWorld Federal Services LLC,2024,192,Executive,Lieutenant Governors Office,Discussion related to emergency assistance shelters in Massachusetts,Neutral,0.0
559,Paul G. Afonso,GardaWorld Federal Services LLC,2024,192,Executive,Executive Office of Housing and Economic Development (EOHED)(Executive Office of Health and Human Services),Discussion related to emergency assistance shelters in Massachusetts,Neutral,0.0
560,Paul G. Afonso,"Massachusetts Association of Health Plans, Inc",2024,192,Senate Bill,2871,An Act enhancing the health care market review process,Neutral,0.0
561,Paul G. Afonso,"Massachusetts Association of Health Plans, Inc",2024,192,House Bill,4743,An Act relative to treatments and coverage for substance use disorder and recovery coach licensure,Neutral,0.0
562,Paul G. Afonso,"Massachusetts Association of Health Plans, Inc",2024,192,House Bill,4773,An Act promoting access to midwifery care and out-of-hospital birth options,Neutral,0.0
565,Paul G. Afonso,"Massachusetts Association of Health Plans, Inc",2024,192,Senate Bill,2899,An Act relative to increasing access to perinatal health care,Neutral,0.0
566,Paul G. Afonso,"Massachusetts Association of Health Plans, Inc",2024,192,House Bill,3929,An Act to improve quality and oversight of long-term care,Neutral,0.0
567,Paul G. Afonso,"Massachusetts Association of Health Plans, Inc",2024,192,Senate Bill,2856,An Act relative to strengthening Massachusetts’ economic leadership,Neutral,0.0
568,Paul G. Afonso,"Massachusetts Association of Health Plans, Inc",2024,192,House Bill,4620,An Act enhancing the market review process,Neutral,0.0
569,Paul G. Afonso,"Massachusetts Association of Health Plans, Inc",2024,192,Senate Bill,749,"An Act relative to pharmaceutical access, costs and transparency",Neutral,0.0
570,Paul G. Afonso,"Massachusetts Association of Health Plans, Inc",2024,192,Senate Bill,2921,An Act relative to accessing harm reduction initiatives,Neutral,0.0
571,Paul G. Afonso,"Massachusetts Association of Health Plans, Inc",2024,192,House Bill,4789,An Act relative to strengthening Massachusetts’ economic leadership,Neutral,0.0
572,Paul G. Afonso,"Massachusetts Association of Health Plans, Inc",2024,192,House Bill,4643,An Act enhancing the market review process,Neutral,0.0
573,Paul G. Afonso,"Massachusetts Association of Health Plans, Inc",2024,192,House Bill,4600,"An Act making appropriations for the fiscal year 2025 for the maintenance of the departments, boards, commissions, institutions, and certain activities of the commonwealth, for interest, sinking fund, and serial bond requirements, and for certain permanent improvements",Neutral,0.0
575,Paul G. Afonso,Massachusetts Association of Nurse Anesthesiology,2024,192,Senate Bill,2871,An Act enhancing the health care market review process,Neutral,0.0
576,Paul G. Afonso,Massachusetts Association of Nurse Anesthesiology,2024,192,Senate Bill,1333,An Act prohibiting nonconsensual intimate examinations of anesthetized or unconscious patients,Support,0.0
577,Paul G. Afonso,Massachusetts Association of Nurse Anesthesiology,2024,192,Senate Bill,2499,"An Act relative to pharmaceutical access, costs and transparency",Neutral,0.0
578,Paul G. Afonso,Massachusetts Association of Nurse Anesthesiology,2024,192,House Bill,4643,An Act enhancing the market review process,Neutral,0.0
579,Paul G. Afonso,Massachusetts Association of Nurse Anesthesiology,2024,192,House Bill,4891,An Act promoting access and affordability of prescription drugs,Neutral,0.0
580,Paul G. Afonso,Massachusetts Association of Nurse Anesthesiology,2024,192,Executive,Executive Office of Health and Human Services (EOHHS),Discussions related to Medicare opt out,Neutral,0.0
581,Paul G. Afonso,Massachusetts Association of Nurse Anesthesiology,2024,192,House Bill,4620,An Act enhancing the market review process,Neutral,0.0
582,Paul G. Afonso,Massachusetts Association of Nurse Anesthesiology,2024,192,House Bill,2144,An Act to promote team based health care,Oppose,0.0
583,Paul G. Afonso,Massachusetts Association of Nurse Anesthesiology,2024,192,House Bill,2229,An Act relative to anesthesiologist assistants,Oppose,0.0
584,Paul G. Afonso,Massachusetts Association of Nurse Anesthesiology,2024,192,House Bill,2146,An Act prohibiting nonconsensual intimate examinations of anesthetized or unconscious patients,Support,0.0
585,Paul G. Afonso,Massachusetts Association of Nurse Anesthesiology,2024,192,Senate Bill,1347,An Act relative to anesthesiologist assistants,Oppose,0.0
586,Paul G. Afonso,Massachusetts Association of Nurse Anesthesiology,2024,192,House Bill,3606,An Act relative to health care transparency,Oppose,0.0
587,Paul G. Afonso,Arbella Mutual Insurance Company,2024,192,House Bill,1129,An Act relative to the remediation of home heating oil releases,Neutral,0.0
588,Paul G. Afonso,Arbella Mutual Insurance Company,2024,192,House Bill,4789,An Act relative to strengthening Massachusetts’ economic leadership,Neutral,0.0
589,Paul G. Afonso,Arbella Mutual Insurance Company,2024,192,Senate Bill,648,An Act relative to the remediation of home heating oil releases,Neutral,0.0
591,Paul G. Afonso,Arbella Mutual Insurance Company,2024,192,House Bill,5111,An Act relative to motor vehicle insurance.,Neutral,0.0
592,Paul G. Afonso,Arbella Mutual Insurance Company,2024,192,Senate Bill,2856,An Act relative to strengthening Massachusetts’ economic leadership,Neutral,0.0
593,Paul G. Afonso,Arbella Mutual Insurance Company,2024,192,House Bill,4600,"An Act making appropriations for the fiscal year 2025 for the maintenance of the departments, boards, commissions, institutions, and certain activities of the commonwealth, for interest, sinking fund, and serial bond requirements, and for certain permanent improvements",Neutral,0.0
594,Paul G. Afonso,Arbella Mutual Insurance Company,2024,192,Senate Bill,2737,An Act relative to the remediation of home heating oil releases,Neutral,0.0
595,Paul G. Afonso,Arbella Mutual Insurance Company,2024,192,Senate Bill,2565,An Act relative to transparency in credit card fees,Oppose,0.0
596,Paul G. Afonso,Arbella Mutual Insurance Company,2024,192,House Bill,1035,An Act to establish minimum reimbursement rate to insurance claimants,Oppose,0.0
597,Paul G. Afonso,Arbella Mutual Insurance Company,2024,192,House Bill,2795,An Act relative to home heating oil deductions,Neutral,0.0
598,Paul G. Afonso,Arbella Mutual Insurance Company,2024,192,Senate Bill,495,An Act relative to crumbling concrete foundations,Oppose,0.0
599,Paul G. Afonso,Arbella Mutual Insurance Company,2024,192,House Bill,1095,An Act establishing the fair calculation of labor rates paid by insurance companies to auto repairers in the Commonwealth,Neutral,0.0
600,Paul G. Afonso,Arbella Mutual Insurance Company,2024,192,Senate Bill,688,An Act reforming auto body labor rates,Oppose,0.0
601,Paul G. Afonso,Arbella Mutual Insurance Company,2024,192,House Bill,950,An Act reforming labor rates paid by insurance companies to auto repairers in the Commonwealth,Oppose,0.0
602,Paul G. Afonso,Arbella Mutual Insurance Company,2024,192,Senate Bill,2790,An Act relative to the compulsory automobile insurance limits,Neutral,0.0
603,Paul G. Afonso,Arbella Mutual Insurance Company,2024,192,House Bill,1118,An Act relative to the calculation of labor rates paid by insurance companies to auto repairers in the Commonwealth,Oppose,0.0
604,Paul G. Afonso,Arbella Mutual Insurance Company,2024,192,House Bill,4659,An Act relative to the compulsory automobile insurance limits,Oppose,0.0
605,Paul G. Afonso,"Eastern Salt Company, Inc.",2024,192,Executive,Massachusetts Port Authority (MassPort),Discussion related to land development,Neutral,0.0
606,Paul G. Afonso,"Eastern Salt Company, Inc.",2024,192,House Bill,4600,"An Act making appropriations for the fiscal year 2025 for the maintenance of the departments, boards, commissions, institutions, and certain activities of the commonwealth, for interest, sinking fund, and serial bond requirements, and for certain permanent improvements",Neutral,0.0
607,Paul G. Afonso,"Eastern Salt Company, Inc.",2024,192,House Bill,4789,An Act relative to strengthening Massachusetts’ economic leadership,Neutral,0.0
608,Paul G. Afonso,"Eastern Salt Company, Inc.",2024,192,Executive,Lieutenant Governors Office,Discussion related to land development,Neutral,0.0
609,Paul G. Afonso,"American Physical Therapy Association of Massachusetts, Inc.",2024,192,House Bill,4620,An Act enhancing the market review process,Neutral,0.0
610,Paul G. Afonso,"American Physical Therapy Association of Massachusetts, Inc.",2024,192,Senate Bill,603,An Act promoting consumer choice in health care,Neutral,0.0
611,Paul G. Afonso,"American Physical Therapy Association of Massachusetts, Inc.",2024,192,Senate Bill,2871,An Act enhancing the health care market review process,Neutral,0.0
612,Paul G. Afonso,"American Physical Therapy Association of Massachusetts, Inc.",2024,192,House Bill,3612,An Act relative to athletic training,Oppose,0.0
613,Paul G. Afonso,"American Physical Therapy Association of Massachusetts, Inc.",2024,192,House Bill,2233,An Act establishing a physical therapy licensure compact,Support,0.0
614,Paul G. Afonso,"American Physical Therapy Association of Massachusetts, Inc.",2024,192,Senate Bill,1373,An Act relative to athletic training,Oppose,0.0
615,Paul G. Afonso,"American Physical Therapy Association of Massachusetts, Inc.",2024,192,Senate Bill,1355,An Act relative to safer treatment for pain,Oppose,0.0
616,Paul G. Afonso,"American Physical Therapy Association of Massachusetts, Inc.",2024,192,House Bill,2137,An Act relative to student safety in interscholastic athletic activities,Support,0.0
617,Paul G. Afonso,"American Physical Therapy Association of Massachusetts, Inc.",2024,192,Senate Bill,1370,An Act relative to student safety in interscholastic athletic activities,Support,0.0
618,Paul G. Afonso,"American Physical Therapy Association of Massachusetts, Inc.",2024,192,House Bill,1136,An Act promoting consumer choice in health care,Neutral,0.0
619,Paul G. Afonso,"American Physical Therapy Association of Massachusetts, Inc.",2024,192,House Bill,2270,An Act relative to the safer treatment,Oppose,0.0
620,Paul G. Afonso,"Massachusetts Association of Public Insurance Adjusters, Inc.",2024,192,Senate Bill,2976,An Act relative to insurance claims,Support,0.0
621,Paul G. Afonso,"Massachusetts Association of Public Insurance Adjusters, Inc.",2024,192,House Bill,4307,An Act relative to insurance claims,Support,0.0
687,Paul G. Afonso,"Uber Technologies, Inc.",2024,192,House Bill,3693,An Act achieving a green future with infrastructure and workforce investments,Neutral,0.0
688,Paul G. Afonso,"Uber Technologies, Inc.",2024,192,House Bill,3298,An Act limiting autonomous driving capabilities to zero emission and electric vehicles,Neutral,0.0
689,Paul G. Afonso,"Uber Technologies, Inc.",2024,192,House Bill,2931,An Act relative to sales tax exemption,Neutral,0.0
690,Paul G. Afonso,"Uber Technologies, Inc.",2024,192,Senate Bill,2108,An Act to reduce congestion and encourage shared rides,Neutral,0.0
691,Paul G. Afonso,"Uber Technologies, Inc.",2024,192,House Bill,3272,An Act to increase regional transit accessibility in the Commonwealth,Neutral,0.0
692,Paul G. Afonso,"Uber Technologies, Inc.",2024,192,House Bill,3372,An Act relative to third party delivery data reporting,Neutral,0.0
693,Paul G. Afonso,"Uber Technologies, Inc.",2024,192,House Bill,3218,An Act to promote transportation electrification infrastructure,Neutral,0.0
694,Paul G. Afonso,"Uber Technologies, Inc.",2024,192,House Bill,3673,"An Act providing safe, reliable, and equitable access to electric vehicle charging stations",Neutral,0.0
695,Paul G. Afonso,"Uber Technologies, Inc.",2024,192,House Bill,1158,"An Act establishing protections and accountability for TNC and DNC workers, consumers, and communities (EPA)",Neutral,0.0
696,Paul G. Afonso,"Uber Technologies, Inc.",2024,192,House Docket,4002,An Act relative to independent employees' right to collective bargaining,Neutral,0.0
698,Paul G. Afonso,"Uber Technologies, Inc.",2024,192,House Bill,3007,An Act requiring a prevailing wage for the construction of certain parking facilities to be capable of supporting electric vehicle charging stations,Support,0.0
699,Paul G. Afonso,"Uber Technologies, Inc.",2024,192,House Bill,1090,An Act relative to transportation network company fees,Neutral,0.0
700,Paul G. Afonso,"Uber Technologies, Inc.",2024,192,Senate Bill,1757,An Act exempting electric vehicle chargers from the sales tax,Neutral,0.0
701,Paul G. Afonso,"Uber Technologies, Inc.",2024,192,Senate Bill,627,An Act establishing protections and accountability for TNC and DNC workers consumers and communities (EPA),Neutral,0.0
702,Paul G. Afonso,"Uber Technologies, Inc.",2024,192,House Docket,2791,An Act relative to transportation network company fees,Neutral,0.0
703,Paul G. Afonso,"Uber Technologies, Inc.",2024,192,House Bill,60,An Act establishing the Massachusetts information privacy and security act,Neutral,0.0
704,Paul G. Afonso,"Uber Technologies, Inc.",2024,192,House Bill,3139,An Act setting deadlines to electrify school buses and public fleets and establishing programs to encourage private fleet electrification,Neutral,0.0
705,Paul G. Afonso,"Uber Technologies, Inc.",2024,192,House Bill,3204,An Act establishing off-peak charging rebates,Neutral,0.0
706,Paul G. Afonso,"Uber Technologies, Inc.",2024,192,Senate Bill,1828,An Act relative to regional transportation ballot initiatives,Neutral,0.0
707,Paul G. Afonso,"Uber Technologies, Inc.",2024,192,House Bill,3398,An Act funding the transition to electric vehicles,Neutral,0.0
708,Paul G. Afonso,"Uber Technologies, Inc.",2024,192,House Bill,3677,An Act establishing solar neighborhoods,Neutral,0.0
709,Paul G. Afonso,"Uber Technologies, Inc.",2024,192,House Bill,3276,An Act to build future-forward parking structures to promote EV equity and walkable downtowns,Neutral,0.0
710,Paul G. Afonso,"Uber Technologies, Inc.",2024,192,House Bill,83,An Act to establish the Massachusetts data privacy protection act,Neutral,0.0
712,Paul G. Afonso,"Uber Technologies, Inc.",2024,192,Senate Bill,449,Resolve establishing a commission on electric vehicle battery recycling,Neutral,0.0
713,Paul G. Afonso,"Uber Technologies, Inc.",2024,192,House Bill,1848,An Act establishing rights and obligations of transportation network drivers and transportation network companies,Neutral,0.0
714,Paul G. Afonso,"Uber Technologies, Inc.",2024,192,House Bill,1916,An Act relative to the study of unemployment insurance and paid family medical leave for transportation network drivers,Neutral,0.0
715,Paul G. Afonso,"Uber Technologies, Inc.",2024,192,Senate Bill,2208,An Act funding the transition to electric vehicles,Neutral,0.0
716,Paul G. Afonso,"Uber Technologies, Inc.",2024,192,House Bill,3366,An Act electrifying regional transit authorities,Neutral,0.0
718,Paul G. Afonso,"Uber Technologies, Inc.",2024,192,Senate Bill,25,An Act establishing the Massachusetts Data Privacy Protection Act,Neutral,0.0
719,Paul G. Afonso,"Uber Technologies, Inc.",2024,192,Senate Bill,2218,"An Act setting deadlines for school bus and public fleet electrification, and programs to encourage electrification of private fleets",Neutral,0.0
720,Paul G. Afonso,"Uber Technologies, Inc.",2024,192,House Bill,3206,An Act extending rebates for electric and zero emission vehicles,Support,0.0
721,Paul G. Afonso,"Uber Technologies, Inc.",2024,192,Senate Bill,852,An Act relative to the installation of electric vehicle charging stations by condominium owners,Neutral,0.0
722,Paul G. Afonso,"Uber Technologies, Inc.",2024,192,House Bill,3192,An Act relative to building energy and decarbonization,Neutral,0.0
723,Paul G. Afonso,"Uber Technologies, Inc.",2024,192,House Bill,666,An Act requiring a residency affidavit by a candidate,Support,0.0
724,Paul G. Afonso,"Uber Technologies, Inc.",2024,192,Senate Bill,1157,An Act regulating labor standards for transportation network drivers,Neutral,0.0
725,Paul G. Afonso,"Uber Technologies, Inc.",2024,192,Senate Bill,1230,An Act requiring the construction of certain parking facilities to be capable of supporting electric vehicle charging stations,Neutral,0.0
726,Paul G. Afonso,"Uber Technologies, Inc.",2024,192,House Bill,1303,An Act to ensure the right to install electric vehicle charging stations,Neutral,0.0
727,Paul G. Afonso,"Uber Technologies, Inc.",2024,192,House Bill,3294,An Act relative to electric vehicles in high occupancy lanes,Neutral,0.0
728,Paul G. Afonso,"Uber Technologies, Inc.",2024,192,House Bill,3675,An Act to create a net-zero transportation financing commission,Neutral,0.0
729,Paul G. Afonso,"Uber Technologies, Inc.",2024,192,House Bill,1099,An Act establishing a transportation network driver bill of rights,Neutral,0.0
730,Paul G. Afonso,"Uber Technologies, Inc.",2024,192,Senate Bill,2211,An Act establishing the Metropolitan Transportation Network,Neutral,0.0
731,Paul G. Afonso,"Uber Technologies, Inc.",2024,192,House Bill,3344,An Act relative to electric vehicle charging stations,Neutral,0.0
734,Paul G. Afonso,"Form Energy, Inc.",2024,192,Senate Bill,1757,An Act exempting electric vehicle chargers from the sales tax,Neutral,0.0
736,Paul G. Afonso,"Form Energy, Inc.",2024,192,Senate Bill,2144,An Act relative to building energy and decarbonization,Neutral,0.0
737,Paul G. Afonso,"Form Energy, Inc.",2024,192,House Bill,4623,An Act relative to sales tax exemptions for electric vehicles,Neutral,0.0
738,Paul G. Afonso,"Form Energy, Inc.",2024,192,House Bill,3344,An Act relative to electric vehicle charging stations,Neutral,0.0
739,Paul G. Afonso,"Form Energy, Inc.",2024,192,Senate Bill,2218,"An Act setting deadlines for school bus and public fleet electrification, and programs to encourage electrification of private fleets",Neutral,0.0
743,Paul G. Afonso,"Form Energy, Inc.",2024,192,Senate Bill,2140,An Act establishing off-peak charging rebates,Neutral,0.0
745,Paul G. Afonso,"Form Energy, Inc.",2024,192,House Docket,2586,An Act to ensure the right of homeowners and renters to charge electric vehicles,Neutral,0.0
749,Paul G. Afonso,"Form Energy, Inc.",2024,192,Senate Bill,1180,An Act relative to clean energy workforce standards and accountability,Neutral,0.0
750,Paul G. Afonso,"Form Energy, Inc.",2024,192,Senate Bill,1230,An Act requiring the construction of certain parking facilities to be capable of supporting electric vehicle charging stations,Neutral,0.0
751,Paul G. Afonso,"Form Energy, Inc.",2024,192,House Bill,4502,An Act to promote transportation electrification infrastructure,Neutral,0.0
752,Paul G. Afonso,"Form Energy, Inc.",2024,192,House Bill,3218,An Act to promote transportation electrification infrastructure,Neutral,0.0
754,Paul G. Afonso,"Form Energy, Inc.",2024,192,House Bill,3859,An Act relative to fuel standards,Neutral,0.0
755,Paul G. Afonso,"Form Energy, Inc.",2024,192,Senate Bill,2286,An Act relative to a clean fuel standard,Neutral,0.0
756,Paul G. Afonso,"Form Energy, Inc.",2024,192,Senate Bill,852,An Act relative to the installation of electric vehicle charging stations by condominium owners,Neutral,0.0
757,Paul G. Afonso,"The Next Street MA, LLC",2024,192,House Bill,3861,An Act relative to junior operators,Neutral,0.0
758,Paul G. Afonso,"The Next Street MA, LLC",2024,192,House Bill,3347,An Act relating to road building equipment classifications,Neutral,0.0
759,Paul G. Afonso,"The Next Street MA, LLC",2024,192,House Bill,3311,An Act relative to drivers education,Support,0.0
760,Paul G. Afonso,"The Next Street MA, LLC",2024,192,House Bill,4804,An Act relative to strengthening Massachusetts’ economic leadership,Neutral,0.0
761,Paul G. Afonso,"The Next Street MA, LLC",2024,192,Senate Bill,2261,An Act relative to online driver education,Support,0.0
763,Paul G. Afonso,"The Next Street MA, LLC",2024,192,House Bill,487,An Act relative to establishing the gateway city public school driver education program,Neutral,0.0
764,Paul G. Afonso,Vivid Seats,2024,192,House Bill,259,An Act ensuring transparent ticket pricing,Support,0.0
765,Paul G. Afonso,Vivid Seats,2024,192,House Bill,373,An Act to modernize the issuance and sale of sports and entertainment tickets,Support,0.0
766,Paul G. Afonso,Vivid Seats,2024,192,House Bill,4804,An Act relative to strengthening Massachusetts’ economic leadership,Neutral,0.0
767,Paul G. Afonso,Vivid Seats,2024,192,House Bill,4415,An Act relative to air quality in public schools,Support,0.0
768,Paul G. Afonso,Vivid Seats,2024,192,Senate Bill,215,An Act relative to the fair distribution and pricing of event tickets,Neutral,0.0
769,Paul G. Afonso,Vivid Seats,2024,192,Senate Bill,144,An Act to modernize the issuance and sale of sports and entertainment tickets,Support,0.0
770,Paul G. Afonso,Vivid Seats,2024,192,Senate Docket,2454,An Act ensuring transparent ticket pricing,Support,0.0
771,Paul G. Afonso,"MGM Resorts International Operations, Inc.",2024,192,House Bill,273,An Act extending simulcasting and live horse racing authorization,Neutral,0.0
772,Paul G. Afonso,"MGM Resorts International Operations, Inc.",2024,192,Senate Bill,169,An Act modernizing lottery operations,Neutral,0.0
773,Paul G. Afonso,"MGM Resorts International Operations, Inc.",2024,192,House Bill,374,An Act concerning horse racing within the town of Plymouth,Neutral,0.0
774,Paul G. Afonso,"MGM Resorts International Operations, Inc.",2024,192,Senate Bill,167,An Act further regulating thoroughbred breeding,Neutral,0.0
775,Paul G. Afonso,"MGM Resorts International Operations, Inc.",2024,192,Senate Bill,182,An Act related to deceptive advertising,Neutral,0.0
776,Paul G. Afonso,"MGM Resorts International Operations, Inc.",2024,192,House Bill,418,An Act relative to the use of slot machines in veterans' organizations for its members and invited guests,Neutral,0.0
777,Paul G. Afonso,"MGM Resorts International Operations, Inc.",2024,192,Senate Bill,172,"An Act to revitalize agriculture, conditioning and simulcasting",Neutral,0.0
778,Paul G. Afonso,"MGM Resorts International Operations, Inc.",2024,192,House Bill,362,"An Act regulating horse racing, simulcasting and wagering",Neutral,0.0
779,Paul G. Afonso,"MGM Resorts International Operations, Inc.",2024,192,House Bill,417,An Act relative to supporting veterans organizations,Neutral,0.0
780,Paul G. Afonso,"MGM Resorts International Operations, Inc.",2024,192,House Bill,269,An Act further regulating thoroughbred breeding,Neutral,0.0
782,Paul G. Afonso,"MGM Resorts International Operations, Inc.",2024,192,House Bill,256,An Act relative to lottery operations,Neutral,0.0
783,Paul G. Afonso,"MGM Resorts International Operations, Inc.",2024,192,Senate Bill,170,An Act establishing an online lottery,Neutral,0.0
784,Paul G. Afonso,"MGM Resorts International Operations, Inc.",2024,192,House Bill,424,An Act relative to the Gaming Commission having at least 1 commissioner be a resident of western Massachusetts,Neutral,0.0
785,Paul G. Afonso,"MGM Resorts International Operations, Inc.",2024,192,House Bill,421,An Act protecting the Commonwealth's gaming industry,Neutral,0.0
786,Paul G. Afonso,"MGM Resorts International Operations, Inc.",2024,192,House Bill,255,An Act relative to establishing an online lottery,Neutral,0.0
787,Paul G. Afonso,"MGM Resorts International Operations, Inc.",2024,192,House Bill,4804,An Act relative to strengthening Massachusetts’ economic leadership,Neutral,0.0
788,Paul G. Afonso,JetBlue Airways Corporation,2024,192,House Bill,2816,An Act repealing the property tax exemption for Massport lessees,Oppose,0.0
789,Paul G. Afonso,JetBlue Airways Corporation,2024,192,House Bill,60,An Act establishing the Massachusetts information privacy and security act,Neutral,0.0
790,Paul G. Afonso,JetBlue Airways Corporation,2024,192,House Bill,3461,An Act providing for a MassPort airline regulation study,Neutral,0.0
791,Paul G. Afonso,JetBlue Airways Corporation,2024,192,House Bill,2826,An Act relative to the repeal of the sales tax exemption for aircraft,Oppose,0.0
792,Paul G. Afonso,JetBlue Airways Corporation,2024,192,Senate Bill,25,An Act establishing the Massachusetts Data Privacy Protection Act,Neutral,0.0
793,Paul G. Afonso,JetBlue Airways Corporation,2024,192,House Bill,1387,An Act relative to air traffic safety,Neutral,0.0
794,Paul G. Afonso,JetBlue Airways Corporation,2024,192,House Bill,971,An Act relative to travel insurance,Neutral,0.0
795,Paul G. Afonso,JetBlue Airways Corporation,2024,192,House Bill,1728,An Act to implement the recommendations of the special commission on facial recognition technology,Neutral,0.0
796,Paul G. Afonso,JetBlue Airways Corporation,2024,192,House Bill,83,An Act to establish the Massachusetts data privacy protection act,Neutral,0.0
798,Paul G. Afonso,JetBlue Airways Corporation,2024,192,House Bill,3374,An Act improving air quality in airport environmental justice communities,Neutral,0.0
800,Paul G. Afonso,JetBlue Airways Corporation,2024,192,House Bill,63,An Act to protect biometric information,Neutral,0.0
803,Paul G. Afonso,JetBlue Airways Corporation,2024,192,House Bill,2197,An Act to protect Massachusetts public health from PFAS,Neutral,0.0
804,Paul G. Afonso,JetBlue Airways Corporation,2024,192,House Bill,806,An Act establishing a commission on sustainable aviation fuel induced contrail mitigation,Support,0.0
806,Paul G. Afonso,JetBlue Airways Corporation,2024,192,Senate Bill,140,An Act relative to protecting biometric information under the security breach law,Neutral,0.0
807,Paul G. Afonso,JetBlue Airways Corporation,2024,192,Senate Bill,1356,An Act to protect Massachusetts public health from PFAS,Neutral,0.0
808,Paul G. Afonso,AbbVie Inc.,2024,192,House Bill,959,An Act prohibiting discrimination against 340b drug discount program participants,Neutral,0.0
809,Paul G. Afonso,AbbVie Inc.,2024,192,House Bill,2197,An Act to protect Massachusetts public health from PFAS,Neutral,0.0
810,Paul G. Afonso,AbbVie Inc.,2024,192,House Bill,605,An Act relative to school mascot name changes,Neutral,0.0
811,Paul G. Afonso,AbbVie Inc.,2024,192,Senate Bill,656,An Act to reduce the cost of pharmacy benefits,Neutral,0.0
812,Paul G. Afonso,AbbVie Inc.,2024,192,Senate Bill,1862,An Act to eliminate the tax deduction for direct-to-consumer pharmaceutical marketing,Oppose,0.0
813,Paul G. Afonso,AbbVie Inc.,2024,192,House Bill,1247,An Act relative to pharmacy benefit managers reimbursements to pharmacies in the Commonwealth,Neutral,0.0
814,Paul G. Afonso,AbbVie Inc.,2024,192,House Bill,999,An Act empowering health care consumers,Neutral,0.0
815,Paul G. Afonso,AbbVie Inc.,2024,192,House Bill,714,An Act relative to ranked choice voting in the city of Northampton,Support,0.0
816,Paul G. Afonso,AbbVie Inc.,2024,192,House Bill,953,An Act relative to consumer deductibles,Support,0.0
817,Paul G. Afonso,AbbVie Inc.,2024,192,Senate Bill,603,An Act promoting consumer choice in health care,Neutral,0.0
818,Paul G. Afonso,AbbVie Inc.,2024,192,Senate Bill,1418,An Act to restore integrity in the marketing of pharmaceutical products and medical devices,Neutral,0.0
819,Paul G. Afonso,AbbVie Inc.,2024,192,House Bill,1246,An Act relative to drug prices paid by carriers,Neutral,0.0
820,Paul G. Afonso,AbbVie Inc.,2024,192,House Bill,983,An Act relative to automobile insurance premiums,Neutral,0.0
821,Paul G. Afonso,AbbVie Inc.,2024,192,House Bill,1206,An Act establishing a commission to review contracts between pharmaceutical benefit managers and MassHealth,Neutral,0.0
822,Paul G. Afonso,AbbVie Inc.,2024,192,Senate Bill,767,An Act to define modest meals and refreshments in prescriber education settings,Neutral,0.0
823,Paul G. Afonso,AbbVie Inc.,2024,192,House Bill,937,An Act relative to transparency of consumer health insurance rights,Neutral,0.0
824,Paul G. Afonso,AbbVie Inc.,2024,192,House Bill,943,An Act to reduce co-pays for people with chronic conditions,Support,0.0
825,Paul G. Afonso,AbbVie Inc.,2024,192,Senate Bill,732,An Act relative to promoting comprehensive transparency in the pharmaceutical industry,Neutral,0.0
826,Paul G. Afonso,AbbVie Inc.,2024,192,House Bill,749,An Act instructing the Massachusetts Department of Fish & Game to study the feasibility of repurposing the former Moon Island Sewage Treatment Plant for the purposes of fish and shellfish farms,Neutral,0.0
827,Paul G. Afonso,AbbVie Inc.,2024,192,House Bill,3587,An Act to ensure access to prescription medications,Neutral,0.0
828,Paul G. Afonso,AbbVie Inc.,2024,192,Senate Bill,630,An Act ensuring access to specialty medications,Support,0.0
829,Paul G. Afonso,AbbVie Inc.,2024,192,House Bill,1055,An Act relative to pharmaceutical gag clauses,Support,0.0
830,Paul G. Afonso,AbbVie Inc.,2024,192,House Bill,978,An Act relative to promoting healthcare access and affordability for patients,Neutral,0.0
831,Paul G. Afonso,AbbVie Inc.,2024,192,Senate Bill,1356,An Act to protect Massachusetts public health from PFAS,Neutral,0.0
832,Paul G. Afonso,AbbVie Inc.,2024,192,House Bill,2708,An Act to close corporate tax loopholes and create progressive revenue,Oppose,0.0
834,Paul G. Afonso,Tripadvisor Inc.,2024,192,Senate Bill,1887,An Act relative to single sales factor,Support,0.0
835,Paul G. Afonso,Tripadvisor Inc.,2024,192,Senate Bill,1846,An Act establishing a tax on local revenues from digital advertising,Neutral,0.0
836,Paul G. Afonso,Tripadvisor Inc.,2024,192,Senate Bill,1113,An Act strengthening the commonwealth's Anti-SLAPP law,Support,0.0
837,Paul G. Afonso,Tripadvisor Inc.,2024,192,House Bill,2930,An Act establishing a tax for online advertising,Neutral,0.0
838,Paul G. Afonso,Tripadvisor Inc.,2024,192,Senate Bill,1896,An Act to increase accountability in the sale of personal data,Neutral,0.0
839,Paul G. Afonso,Tripadvisor Inc.,2024,192,House Bill,82,An Act relative to protecting the residents of the Commonwealth,Neutral,0.0
840,Paul G. Afonso,Tripadvisor Inc.,2024,192,House Bill,1974,An Act regulating the use of artificial intelligence (AI) in providing mental health services,Neutral,0.0
841,Paul G. Afonso,Tripadvisor Inc.,2024,192,Senate Bill,1951,An Act relative to single sales factor,Support,0.0
842,Paul G. Afonso,Tripadvisor Inc.,2024,192,Senate Bill,25,An Act establishing the Massachusetts Data Privacy Protection Act,Neutral,0.0
843,Paul G. Afonso,Tripadvisor Inc.,2024,192,Senate Bill,1132,An Act relative to strategic litigation against public participation,Support,0.0
844,Paul G. Afonso,Tripadvisor Inc.,2024,192,House Bill,83,An Act to establish the Massachusetts data privacy protection act,Neutral,0.0
845,Paul G. Afonso,Tripadvisor Inc.,2024,192,House Bill,1555,An Act establishing an internet bill of rights,Neutral,0.0
846,Paul G. Afonso,Tripadvisor Inc.,2024,192,House Bill,2773,An Act providing incentives to the digital interactive media/entertainment industries,Neutral,0.0
847,Paul G. Afonso,Tripadvisor Inc.,2024,192,Senate Bill,148,"An Act protecting reproductive health access, LGBTQ lives, religious liberty, and freedom of movement by banning the sale of cell phone location information",Neutral,0.0
848,Paul G. Afonso,Tripadvisor Inc.,2024,192,House Bill,2787,An Act relative to taxation of digital advertising services,Neutral,0.0
849,Paul G. Afonso,Tripadvisor Inc.,2024,192,House Bill,395,An Act relative to online advertising,Neutral,0.0
850,Paul G. Afonso,Tripadvisor Inc.,2024,192,House Bill,61,An Act relative to filing slander against anonymous parties on the internet,Neutral,0.0
851,Paul G. Afonso,Tripadvisor Inc.,2024,192,House Bill,2821,An Act to establish a digital advertising revenue commission,Neutral,0.0
852,Paul G. Afonso,Tripadvisor Inc.,2024,192,Senate Bill,31,An Act drafted with the help of ChatGPT to regulate generative artificial intelligence models like ChatGPT,Neutral,0.0
853,Paul G. Afonso,Tripadvisor Inc.,2024,192,House Bill,2966,An Act establishing a tax on local revenues from digital advertising,Neutral,0.0
854,Paul G. Afonso,Tripadvisor Inc.,2024,192,House Bill,2828,An Act establishing a tax for online advertising,Neutral,0.0
855,Paul G. Afonso,Tripadvisor Inc.,2024,192,House Bill,60,An Act establishing the Massachusetts information privacy and security act,Neutral,0.0
856,Paul G. Afonso,Tripadvisor Inc.,2024,192,House Bill,357,"An Act protecting reproductive health access, LGBTQ lives, religious liberty, and freedom of movement by banning the sale of cell phone location information",Support,0.0
858,Paul G. Afonso,Tripadvisor Inc.,2024,192,House Bill,1431,An Act relative to strengthen the Commonwealth's Anti-SLAPP law,Support,0.0
859,Paul G. Afonso,Moderna Inc.,2024,192,Senate Bill,1405,An Act relative to newborn screenings for congenital cytomegalovirus,Support,0.0
860,Paul G. Afonso,Moderna Inc.,2024,192,House Bill,2218,An Act relative to newborn screenings for congenital cytomegalovirus,Support,0.0
861,Paul G. Afonso,Massachusetts Coalition for Suicide Prevention,2024,192,House Bill,4601,"An Act making appropriations for the fiscal year 2025 for the maintenance of the departments, boards, commissions, institutions, and certain activities of the commonwealth, for interest, sinking fund, and serial bond requirements, and for certain permanent improvements",Neutral,0.0
862,Paul G. Afonso,Massachusetts Coalition for Suicide Prevention,2024,192,Senate Bill,1407,An Act to create equitable approaches to public health,Neutral,0.0
863,Paul G. Afonso,Massachusetts Coalition for Suicide Prevention,2024,192,House Bill,1999,An Act relative to student mental health,Support,0.0
864,Paul G. Afonso,Massachusetts Coalition for Suicide Prevention,2024,192,House Bill,1980,An Act relative to ending unnecessary hospitalizations and reducing emergency department boarding,Neutral,0.0
865,Paul G. Afonso,Massachusetts Coalition for Suicide Prevention,2024,192,House Bill,2264,An Act to create equitable approaches to public health,Neutral,0.0
866,Paul G. Afonso,The Hertz Corporation,2024,192,House Bill,2685,An Act relative to Mass Port police officers,Oppose,0.0
867,Paul G. Afonso,The Hertz Corporation,2024,192,Senate Bill,1869,An Act relative to the sales tax,Oppose,0.0
868,Paul G. Afonso,"Onyx Springfield Crossing, LLC",2024,192,Executive,Massachusetts Office of Business Development (MOBD)(Executive Office of Health and Human Services),Discussion related to tax incentives and grants,Neutral,0.0
869,Paul G. Afonso,"Boehringer Ingelheim Pharmaceuticals, Inc.",2024,192,House Bill,2249,An Act relative to the availability of prescription medication during an emergency,Neutral,0.0
870,Paul G. Afonso,"Boehringer Ingelheim Pharmaceuticals, Inc.",2024,192,House Bill,999,An Act empowering health care consumers,Neutral,0.0
871,Paul G. Afonso,"Boehringer Ingelheim Pharmaceuticals, Inc.",2024,192,House Bill,1246,An Act relative to drug prices paid by carriers,Neutral,0.0
872,Paul G. Afonso,"Boehringer Ingelheim Pharmaceuticals, Inc.",2024,192,House Bill,863,An Act relative to proper disposal of products containing PFAS,Neutral,0.0
873,Paul G. Afonso,"Boehringer Ingelheim Pharmaceuticals, Inc.",2024,192,House Bill,1206,An Act establishing a commission to review contracts between pharmaceutical benefit managers and MassHealth,Neutral,0.0
874,Paul G. Afonso,"Boehringer Ingelheim Pharmaceuticals, Inc.",2024,192,House Bill,1208,An Act establishing a state-wide drug repository program,Neutral,0.0
875,Paul G. Afonso,"Boehringer Ingelheim Pharmaceuticals, Inc.",2024,192,House Bill,1150,An Act to ensure access to generic medication,Neutral,0.0
876,Paul G. Afonso,"Boehringer Ingelheim Pharmaceuticals, Inc.",2024,192,Senate Bill,603,An Act promoting consumer choice in health care,Neutral,0.0
877,Paul G. Afonso,"Boehringer Ingelheim Pharmaceuticals, Inc.",2024,192,House Bill,1055,An Act relative to pharmaceutical gag clauses,Support,0.0
878,Paul G. Afonso,"Boehringer Ingelheim Pharmaceuticals, Inc.",2024,192,House Bill,3587,An Act to ensure access to prescription medications,Neutral,0.0
879,Paul G. Afonso,"Boehringer Ingelheim Pharmaceuticals, Inc.",2024,192,Senate Bill,767,An Act to define modest meals and refreshments in prescriber education settings,Neutral,0.0
880,Paul G. Afonso,"Boehringer Ingelheim Pharmaceuticals, Inc.",2024,192,House Bill,943,An Act to reduce co-pays for people with chronic conditions,Support,0.0
881,Paul G. Afonso,"Boehringer Ingelheim Pharmaceuticals, Inc.",2024,192,House Bill,1718,An Act relative to the humane protection of animals,Neutral,0.0
882,Paul G. Afonso,"Boehringer Ingelheim Pharmaceuticals, Inc.",2024,192,House Bill,978,An Act relative to promoting healthcare access and affordability for patients,Support,0.0
884,Paul G. Afonso,"Boehringer Ingelheim Pharmaceuticals, Inc.",2024,192,House Bill,959,An Act prohibiting discrimination against 340b drug discount program participants,Neutral,0.0
885,Paul G. Afonso,"Boehringer Ingelheim Pharmaceuticals, Inc.",2024,192,Senate Bill,1126,An Act promoting pet safety aka Crawford's Law,Neutral,0.0
886,Paul G. Afonso,"Boehringer Ingelheim Pharmaceuticals, Inc.",2024,192,Senate Bill,1419,An Act to prevent undue influence on prescriber behavior,Neutral,0.0
887,Paul G. Afonso,"Boehringer Ingelheim Pharmaceuticals, Inc.",2024,192,Senate Bill,732,An Act relative to promoting comprehensive transparency in the pharmaceutical industry,Neutral,0.0
888,Paul G. Afonso,"Boehringer Ingelheim Pharmaceuticals, Inc.",2024,192,Senate Docket,2595,Communication from the Executive Office of Health and Human Services (pursuant to Section 13L of Chapter 118E of the General Laws) submitting its 340B high-cost drugs impact report,Neutral,0.0
889,Paul G. Afonso,"Boehringer Ingelheim Pharmaceuticals, Inc.",2024,192,Senate Bill,609,An Act relative to consumer deductibles,Support,0.0
890,Paul G. Afonso,"Boehringer Ingelheim Pharmaceuticals, Inc.",2024,192,Senate Bill,776,An Act limiting out of pocket expenses,Support,0.0
891,Paul G. Afonso,"Boehringer Ingelheim Pharmaceuticals, Inc.",2024,192,House Bill,945,An Act to ensure prescription drug cost transparency and affordability,Neutral,0.0
892,Paul G. Afonso,"Boehringer Ingelheim Pharmaceuticals, Inc.",2024,192,Senate Bill,479,An Act protecting pollinators by eliminating harmful products,Neutral,0.0
893,Paul G. Afonso,"Boehringer Ingelheim Pharmaceuticals, Inc.",2024,192,Senate Bill,656,An Act to reduce the cost of pharmacy benefits,Neutral,0.0
894,Paul G. Afonso,"Boehringer Ingelheim Pharmaceuticals, Inc.",2024,192,House Bill,953,An Act relative to consumer deductibles,Support,0.0
895,Paul G. Afonso,"Boehringer Ingelheim Pharmaceuticals, Inc.",2024,192,Senate Bill,704,An Act prohibiting discrimination against 340b drug discount program participants,Neutral,0.0
896,Paul G. Afonso,"Boehringer Ingelheim Pharmaceuticals, Inc.",2024,192,House Bill,2197,An Act to protect Massachusetts public health from PFAS,Neutral,0.0
897,Paul G. Afonso,"Boehringer Ingelheim Pharmaceuticals, Inc.",2024,192,House Bill,1215,An Act relative to pharmacy benefit managers,Neutral,0.0
898,Paul G. Afonso,"Boehringer Ingelheim Pharmaceuticals, Inc.",2024,192,House Bill,1176,An Act relative to promoting comprehensive transparency in the pharmaceutical industry,Neutral,0.0
899,Paul G. Afonso,"Boehringer Ingelheim Pharmaceuticals, Inc.",2024,192,Senate Bill,1418,An Act to restore integrity in the marketing of pharmaceutical products and medical devices,Neutral,0.0
900,Paul G. Afonso,"Boehringer Ingelheim Pharmaceuticals, Inc.",2024,192,Senate Bill,612,An Act relative to promoting healthcare access and affordability for patients,Neutral,0.0
901,Paul G. Afonso,"Boehringer Ingelheim Pharmaceuticals, Inc.",2024,192,House Bill,937,An Act relative to transparency of consumer health insurance rights,Neutral,0.0
902,Paul G. Afonso,"Boehringer Ingelheim Pharmaceuticals, Inc.",2024,192,House Bill,982,An Act relative to non-medical switching,Support,0.0
903,Paul G. Afonso,"Boehringer Ingelheim Pharmaceuticals, Inc.",2024,192,House Bill,1247,An Act relative to pharmacy benefit managers reimbursements to pharmacies in the Commonwealth,Neutral,0.0
904,Paul G. Afonso,"Boehringer Ingelheim Pharmaceuticals, Inc.",2024,192,House Bill,850,An Act concerning the use of animals in product testing,Neutral,0.0
905,Paul G. Afonso,"Boehringer Ingelheim Pharmaceuticals, Inc.",2024,192,Senate Bill,714,An Act relative to pharmaceutical gag clauses,Support,0.0
906,Paul G. Afonso,"Boehringer Ingelheim Pharmaceuticals, Inc.",2024,192,Senate Bill,749,"An Act relative to pharmaceutical access, costs and transparency",Neutral,0.0
907,Paul G. Afonso,"Boehringer Ingelheim Pharmaceuticals, Inc.",2024,192,House Bill,1147,An Act ensuring access to specialty medications,Neutral,0.0
908,Paul G. Afonso,"Boehringer Ingelheim Pharmaceuticals, Inc.",2024,192,Senate Bill,1356,An Act to protect Massachusetts public health from PFAS,Neutral,0.0
909,Paul G. Afonso,"Boehringer Ingelheim Pharmaceuticals, Inc.",2024,192,Senate Bill,1862,An Act to eliminate the tax deduction for direct-to-consumer pharmaceutical marketing,Neutral,0.0
910,Paul G. Afonso,"Boehringer Ingelheim Pharmaceuticals, Inc.",2024,192,Senate Bill,783,An Act to promote transparency and prevent price gouging of pharmaceutical drug prices,Support,0.0
911,Paul G. Afonso,"Boehringer Ingelheim Pharmaceuticals, Inc.",2024,192,Senate Bill,580,An Act further protecting research animals,Support,0.0
912,Paul G. Afonso,"Boehringer Ingelheim Pharmaceuticals, Inc.",2024,192,Senate Bill,605,An Act empowering health care consumers,Neutral,0.0
913,Paul G. Afonso,"Boehringer Ingelheim Pharmaceuticals, Inc.",2024,192,House Bill,1201,An Act to promote transparency in prescription drug prices,Neutral,0.0
914,Paul G. Afonso,"Boehringer Ingelheim Pharmaceuticals, Inc.",2024,192,Senate Bill,602,An Act relative to transparency of consumer health insurance rights,Neutral,0.0
915,Paul G. Afonso,"Boehringer Ingelheim Pharmaceuticals, Inc.",2024,192,Senate Bill,630,An Act ensuring access to specialty medications,Neutral,0.0
962,Paul G. Afonso,PPL Services Corporation,2024,192,House Bill,2166,An Act relative to local boards of health and the sale of legal tobacco products in the Commonwealth,Neutral,0.0
978,Paul G. Afonso,"Form Energy, Inc.",2024,192,House Bill,3696,An Act relative to clean energy resources,Neutral,0.0
979,Paul G. Afonso,"Form Energy, Inc.",2024,192,House Bill,755,An Act reforming energy system planning for equity and climate transformation,Neutral,0.0
980,Paul G. Afonso,"Form Energy, Inc.",2024,192,House Bill,3150,"An Act advancing clean energy, equity, and innovation within municipal utilities",Neutral,0.0
981,Paul G. Afonso,"Form Energy, Inc.",2024,192,Senate Bill,2117,"An Act advancing clean energy, equity, and innovation within municipal utilities",Neutral,0.0
982,Paul G. Afonso,"Form Energy, Inc.",2024,192,House Bill,3774,An Act creating a climate bank in Massachusetts,Neutral,0.0
985,Paul G. Afonso,"Form Energy, Inc.",2024,192,Senate Bill,675,An Act creating a climate bank in Massachusetts,Neutral,0.0
986,Paul G. Afonso,"Form Energy, Inc.",2024,192,House Bill,3805,An Act establishing the Massachusetts Green Bank,Neutral,0.0
987,Paul G. Afonso,"Form Energy, Inc.",2024,192,Senate Bill,2141,An Act to promote energy and economic resilience through clean energy education and job pathway programs,Neutral,0.0
991,Paul G. Afonso,"Form Energy, Inc.",2024,192,House Bill,3693,An Act achieving a green future with infrastructure and workforce investments,Neutral,0.0
995,Paul G. Afonso,"ChargePoint, Inc.",2024,192,House Bill,3205,An Act to promote solar energy development consistent with the commonwealth's 2050 next generation road map,Neutral,0.0
996,Paul G. Afonso,"ChargePoint, Inc.",2024,192,Senate Bill,2117,"An Act advancing clean energy, equity, and innovation within municipal utilities",Neutral,0.0
997,Paul G. Afonso,"ChargePoint, Inc.",2024,192,Senate Bill,2175,"An Act to empower residential housing property upgrades, homeowner savings, and a robust workforce",Neutral,0.0
999,Paul G. Afonso,"ChargePoint, Inc.",2024,192,House Bill,3204,An Act establishing off-peak charging rebates,Neutral,0.0
1001,Paul G. Afonso,"ChargePoint, Inc.",2024,192,Senate Bill,2198,An Act to convert the state government fleet to electric vehicles,Neutral,0.0
1002,Paul G. Afonso,"ChargePoint, Inc.",2024,192,House Bill,4459,An Act Relative to Strengthening Massachusetts Economic Leadership,Neutral,0.0
1003,Paul G. Afonso,"ChargePoint, Inc.",2024,192,House Bill,2896,An Act to establish a sales tax exemption for earth day,Neutral,0.0
1004,Paul G. Afonso,"ChargePoint, Inc.",2024,192,House Bill,3799,An Act relative to infrastructure for electric vehicles,Neutral,0.0
1006,Paul G. Afonso,"ChargePoint, Inc.",2024,192,Senate Bill,2838,An Act Upgrading the Grid and Protecting Ratepayers,Neutral,0.0
1007,Paul G. Afonso,"ChargePoint, Inc.",2024,192,House Bill,3798,An Act relative to the sale of electric vehicles,Neutral,0.0
1008,Paul G. Afonso,"ChargePoint, Inc.",2024,192,House Bill,3294,An Act relative to electric vehicles in high occupancy lanes,Neutral,0.0
1010,Paul G. Afonso,"ChargePoint, Inc.",2024,192,House Bill,3797,An Act relative to electric vehicles,Neutral,0.0
1012,Paul G. Afonso,"ChargePoint, Inc.",2024,192,House Bill,3144,An Act promoting solar energy canopies on large parking lots,Neutral,0.0
1013,Paul G. Afonso,"ChargePoint, Inc.",2024,192,House Bill,3206,An Act extending rebates for electric and zero emission vehicles,Neutral,0.0
1014,Paul G. Afonso,"ChargePoint, Inc.",2024,192,House Bill,3673,"An Act providing safe, reliable, and equitable access to electric vehicle charging stations",Neutral,0.0
1015,Paul G. Afonso,"ChargePoint, Inc.",2024,192,Senate Bill,2120,An Act increasing solar rooftop energy,Neutral,0.0
1016,Paul G. Afonso,"ChargePoint, Inc.",2024,192,Senate Bill,2222,An Act to build future-forward parking structures to promote EV equity and walkable downtowns,Neutral,0.0
1017,Paul G. Afonso,"ChargePoint, Inc.",2024,192,House Bill,3192,An Act relative to building energy and decarbonization,Neutral,0.0
1018,Paul G. Afonso,"ChargePoint, Inc.",2024,192,House Bill,3366,An Act electrifying regional transit authorities,Neutral,0.0
1019,Paul G. Afonso,"ChargePoint, Inc.",2024,192,House Bill,2288,An Act to protect the civil rights and safety of all Massachusetts residents,Neutral,0.0
1020,Paul G. Afonso,"ChargePoint, Inc.",2024,192,House Bill,3398,An Act funding the transition to electric vehicles,Neutral,0.0
1022,Paul G. Afonso,"ChargePoint, Inc.",2024,192,House Docket,2791,An Act relative to transportation network company fees,Neutral,0.0
1028,Paul G. Afonso,"ChargePoint, Inc.",2024,192,House Bill,2089,An Act establishing representative town meetings,Neutral,0.0
1030,Paul G. Afonso,"ChargePoint, Inc.",2024,192,Senate Bill,2285,An Act electrifying Regional Transit Authorities,Neutral,0.0
1031,Paul G. Afonso,"ChargePoint, Inc.",2024,192,House Bill,755,An Act reforming energy system planning for equity and climate transformation,Neutral,0.0
1033,Paul G. Afonso,"ChargePoint, Inc.",2024,192,House Bill,3886,An Act to ensure electric motor vehicle charging fairness,Neutral,0.0
1034,Paul G. Afonso,"ChargePoint, Inc.",2024,192,Senate Bill,675,An Act creating a climate bank in Massachusetts,Neutral,0.0
1035,Paul G. Afonso,"ChargePoint, Inc.",2024,192,House Docket,1213,An Act relative to clean energy resources,Neutral,0.0
1036,Paul G. Afonso,"ChargePoint, Inc.",2024,192,House Bill,3689,"An Act transitioning Massachusetts to clean electricity, heating and transportation",Neutral,0.0
1037,Paul G. Afonso,"ChargePoint, Inc.",2024,192,House Bill,3298,An Act limiting autonomous driving capabilities to zero emission and electric vehicles,Neutral,0.0
1038,Paul G. Afonso,"ChargePoint, Inc.",2024,192,House Bill,1090,An Act relative to transportation network company fees,Neutral,0.0
1039,Paul G. Afonso,"ChargePoint, Inc.",2024,192,House Bill,3139,An Act setting deadlines to electrify school buses and public fleets and establishing programs to encourage private fleet electrification,Neutral,0.0
1041,Paul G. Afonso,"ChargePoint, Inc.",2024,192,House Bill,3693,An Act achieving a green future with infrastructure and workforce investments,Neutral,0.0
1042,Paul G. Afonso,"ChargePoint, Inc.",2024,192,House Bill,3276,An Act to build future-forward parking structures to promote EV equity and walkable downtowns,Neutral,0.0
1043,Paul G. Afonso,Applied Materials Inc.,2024,192,House Bill,2708,An Act to close corporate tax loopholes and create progressive revenue,Neutral,0.0
1044,Paul G. Afonso,Applied Materials Inc.,2024,192,House Bill,3580,An Act relative to certain manufactured chemicals known as PFAS,Neutral,0.0
1045,Paul G. Afonso,Applied Materials Inc.,2024,192,Senate Bill,1951,An Act relative to single sales factor,Neutral,0.0
1048,Paul G. Afonso,Applied Materials Inc.,2024,192,Senate Bill,1796,An Act closing the single sales factor tax loophole,Neutral,0.0
1052,Paul G. Afonso,Applied Materials Inc.,2024,192,House Bill,42,"An Act creating tax relief for affordability, competitiveness and equity",Neutral,0.0
1053,Paul G. Afonso,Applied Materials Inc.,2024,192,House Bill,3666,An Act relative to creating manufacturing and economic development in the Commonwealth,Neutral,0.0
1056,Paul G. Afonso,Applied Materials Inc.,2024,192,Senate Bill,2390,Single Sales Factor Corporate Tax,Neutral,0.0
1058,Paul G. Afonso,Applied Materials Inc.,2024,192,Senate Bill,1887,An Act relative to single sales factor,Neutral,0.0
1076,Paul G. Afonso,PPL Services Corporation,2024,192,House Bill,2091,An Act providing for municipal meeting postponement due to inclement weather,Neutral,0.0
1127,Paul G. Afonso,Massachusetts Association of Nurse Anesthesiology,2024,192,Senate Bill,1348,An Act relative to health care transparency,Oppose,0.0
1156,Paul G. Afonso,GardaWorld Federal Services LLC,2024,192,Executive,Executive Office of Health and Human Services (EOHHS),Discussion related to emergency assistance shelters in Massachusetts,Neutral,0.0
1244,Paul G. Afonso,AbbVie Inc.,2024,192,House Bill,783,An Act relative to the pesticide board,Neutral,0.0
